state,agency,support_types
AK,"Alaska Department of Corrections","Warrant Service Officer"
AK,"Kodiak Police Department","Warrant Service Officer"
AL,"Autauga County Sheriff's Office","Jail Enforcement Model; Task Force Model; Warrant Service Officer"
AL,"Baldwin County Sheriff's Office","Task Force Model"
AL,"Blount County Sheriff's Office","Task Force Model"
AL,"Camp Hill Police Department","Task Force Model"
AL,"Cedar Bluff Police Department","Task Force Model"
AL,"Cherokee County Sheriff's Office","Task Force Model; Warrant Service Officer"
AL,"Cherokee Police Department","Task Force Model"
AL,"Clarke County Sheriff's Office","Task Force Model"
AL,"Colbert County Sheriff's Office","Jail Enforcement Model; Task Force Model; Warrant Service Officer"
AL,"Courtland Police Department","Task Force Model"
AL,"Crenshaw County Sheriff's Office","Warrant Service Officer"
AL,"DeKalb County Sheriff's Office","Task Force Model"
AL,"Demopolis Police Department","Task Force Model"
AL,"Elberta Police Department","Task Force Model"
AL,"Elmore County Sheriff's Office","Jail Enforcement Model"
AL,"Etowah County Sheriff's Office","Jail Enforcement Model; Task Force Model"
AL,"Florala Police Department","Task Force Model"
AL,"Foley Police Department","Task Force Model"
AL,"Franklin County Sheriff's Office","Jail Enforcement Model; Task Force Model; Warrant Service Officer"
AL,"Hale County Sheriff's Office","Task Force Model"
AL,"Henry County Sheriff's Office","Jail Enforcement Model; Task Force Model; Warrant Service Officer"
AL,"Jackson Police Department","Task Force Model"
AL,"Jackson's Gap Police Department","Task Force Model"
AL,"Lanett Police Department","Task Force Model"
AL,"Lauderdale County Sheriff's Office","Jail Enforcement Model; Task Force Model; Warrant Service Officer"
AL,"Lawrence County Sheriff's Office","Task Force Model; Warrant Service Officer"
AL,"Leesburg Police Department","Task Force Model"
AL,"Level Plains Police Department","Task Force Model"
AL,"Limestone County Sheriff's Office","Task Force Model; Warrant Service Officer"
AL,"Littleville Police Department","Task Force Model"
AL,"Lockhart Police Department","Task Force Model"
AL,"Loxley Police Department","Task Force Model"
AL,"Margaret Police Department","Task Force Model"
AL,"Marion County Sheriff's Office","Jail Enforcement Model; Task Force Model; Warrant Service Officer"
AL,"Marshall County Sheriff's Office","Jail Enforcement Model"
AL,"Mobile County Sheriff's Office","Task Force Model"
AL,"Monroe County Sheriff's Office","Task Force Model"
AL,"Piedmont Police Department","Task Force Model"
AL,"Robertsdale Police Department","Task Force Model"
AL,"Semmes Police Department","Task Force Model"
AL,"Silverhill Police Department","Task Force Model"
AL,"Southside Police Department","Task Force Model"
AL,"Summerdale Police Department","Task Force Model"
AL,"Thomasville Police Department","Task Force Model"
AL,"Washington County Sheriff's Office","Task Force Model"
AR,"16th Judicial Distric Drug Task Force","Task Force Model"
AR,"Arkansas Department of Corrections","Jail Enforcement Model; Warrant Service Officer"
AR,"Arkansas Department of Public Safety","Task Force Model"
AR,"Arkansas Department of Public Safety-Crime Information Center","Task Force Model"
AR,"Arkansas Division of Law Enforcement Standards and Training","Task Force Model"
AR,"Arkansas National Guard","Task Force Model"
AR,"Arkansas State Police Department","Task Force Model"
AR,"Ashdown City Police Department","Task Force Model"
AR,"Baxter County Sheriff's Office","Task Force Model; Warrant Service Officer"
AR,"Bay Police Department","Task Force Model"
AR,"Benton County Sheriff's Office","Jail Enforcement Model"
AR,"Black Rock Police Department","Task Force Model"
AR,"Boone County Sheriff's Office","Task Force Model; Warrant Service Officer"
AR,"Brookland Police Department","Task Force Model"
AR,"Calhoun County Sheriff's Office","Task Force Model; Warrant Service Officer"
AR,"Cash Police Department","Task Force Model"
AR,"Chidester Police Department","Task Force Model"
AR,"Clark County Sheriff's Office","Jail Enforcement Model"
AR,"Craighead County Sheriff's Office","Jail Enforcement Model"
AR,"Crawford County Sheriff's Office","Warrant Service Officer"
AR,"Cross County Sheriff's Office","Warrant Service Officer"
AR,"Dallas County Sheriff's Office","Task Force Model; Warrant Service Officer"
AR,"Des Arc Police Department","Task Force Model"
AR,"Evening Shade Police Department","Task Force Model"
AR,"Faulkner County Sheriff's Office","Warrant Service Officer"
AR,"Fordyce Police Department","Task Force Model"
AR,"Franklin County Sheriff's Office","Task Force Model; Warrant Service Officer"
AR,"Fulton County Sheriff's Office","Warrant Service Officer"
AR,"Garland County Sheriff's Office","Jail Enforcement Model; Warrant Service Officer"
AR,"Greene County Sheriff's Office","Warrant Service Officer"
AR,"Gurdon Police Department","Task Force Model"
AR,"Hampton Police Department","Task Force Model"
AR,"Harrisburg Police Department","Task Force Model"
AR,"Hempstead County Sheriff's Office","Task Force Model; Warrant Service Officer"
AR,"Hot Spring County Sheriff's Office","Jail Enforcement Model"
AR,"Independence County Sheriff's Office","Jail Enforcement Model"
AR,"Izard County Sheriff's Office","Jail Enforcement Model; Warrant Service Officer"
AR,"Jackson County Sheriff's Office","Task Force Model"
AR,"Johnson County Sheriff's Office","Warrant Service Officer"
AR,"Lafayette County Sheriff's Office","Task Force Model; Warrant Service Officer"
AR,"Little River County Sheriff's Office","Jail Enforcement Model; Warrant Service Officer"
AR,"Logan County Sheriff's Office","Warrant Service Officer"
AR,"Lonoke County Sheriff's Office","Warrant Service Officer"
AR,"Madison County Sheriff's Office","Warrant Service Officer"
AR,"Marion County Sheriff's Office","Task Force Model"
AR,"Miller County Sheriff's Office","Task Force Model"
AR,"Mississippi County Sheriff's Office","Jail Enforcement Model"
AR,"Monette Police Department","Task Force Model"
AR,"Osceola Police Department","Task Force Model"
AR,"Ouachita County Sheriff's Office","Jail Enforcement Model"
AR,"Perry County Sheriff's Office","Jail Enforcement Model"
AR,"Pike County Sheriff's Office","Jail Enforcement Model"
AR,"Poinsett County Sheriff's Office","Jail Enforcement Model; Task Force Model; Warrant Service Officer"
AR,"Polk County Sheriff's Office","Jail Enforcement Model"
AR,"Pope County Sheriff's Office","Warrant Service Officer"
AR,"Prairie County Sheriff's Office","Jail Enforcement Model; Task Force Model"
AR,"Pulaski County Sheriff's Office","Warrant Service Officer"
AR,"Saline County Sheriff's Office","Warrant Service Officer"
AR,"Sebastian County Sheriff's Office","Warrant Service Officer"
AR,"Sharp County Sheriff's Office","Jail Enforcement Model; Warrant Service Officer"
AR,"Sherwood Police Department","Task Force Model"
AR,"Texarkana Police Department","Task Force Model"
AR,"Tuckerman Police Department","Task Force Model"
AR,"Washington County Sheriff's Office","Warrant Service Officer"
AR,"White County Sheriff's Office","Jail Enforcement Model"
AZ,"Arizona Department of Corrections","Jail Enforcement Model"
AZ,"Cochise County Sheriff's Office","Warrant Service Officer"
AZ,"La Paz County Sheriff's Office","Jail Enforcement Model; Warrant Service Officer"
AZ,"Mesa Police Department","Jail Enforcement Model"
AZ,"Navajo County Sheriff's Office","Warrant Service Officer"
AZ,"Pinal County Attorney's Office","Task Force Model"
AZ,"Pinal County Sheriff's Office","Jail Enforcement Model"
AZ,"Yavapai County Sheriff's Office","Jail Enforcement Model"
AZ,"Yuma County Sheriff's Office","Warrant Service Officer"
CO,"Teller County Sheriff's Office","Jail Enforcement Model"
FL,"Alachua County Sheriff's Office","Task Force Model; Warrant Service Officer"
FL,"Alachua Police Department","Task Force Model"
FL,"Altamonte Springs Police Department","Task Force Model"
FL,"Apopka Police Department","Task Force Model"
FL,"Arcadia Police Department","Task Force Model"
FL,"Atlantic Beach Police Department","Task Force Model"
FL,"Atlantis Police Department","Task Force Model"
FL,"Auburndale Police Department","Task Force Model"
FL,"Baker County Sheriff's Office","Task Force Model; Warrant Service Officer"
FL,"Bartow Police Department","Task Force Model"
FL,"Bay County Sheriff's Office","Task Force Model; Warrant Service Officer"
FL,"Belle Isle Police Department","Task Force Model"
FL,"Belleair Police Department","Task Force Model"
FL,"Blountstown Police Department","Task Force Model"
FL,"Boca Raton Police Services Department","Task Force Model"
FL,"Boynton Beach Police Department","Task Force Model"
FL,"Bradenton Police Department","Task Force Model"
FL,"Bradford County Sheriff's Office","Task Force Model; Warrant Service Officer"
FL,"Brevard County Sheriff's Office","Task Force Model; Warrant Service Officer"
FL,"Broward County Sheriff's Office","Task Force Model; Warrant Service Officer"
FL,"Bunnell Police Department","Task Force Model"
FL,"Calhoun County Sheriff's Office","Task Force Model; Warrant Service Officer"
FL,"Cape Coral Police Department","Task Force Model"
FL,"Casselberry Police Department","Task Force Model"
FL,"Charlotte County Sheriff's Office","Task Force Model; Warrant Service Officer"
FL,"Chattahoochee Police Department","Task Force Model"
FL,"Citrus County Sheriff's Office","Task Force Model; Warrant Service Officer"
FL,"City of Miami Police Department","Task Force Model"
FL,"Clay County Sheriff's Office","Jail Enforcement Model; Task Force Model; Warrant Service Officer"
FL,"Clearwater Police Department","Task Force Model"
FL,"Clermont Police Department","Task Force Model"
FL,"Clewiston Police Department","Task Force Model"
FL,"Cocoa Beach Police Department","Task Force Model"
FL,"Cocoa Police Department","Task Force Model"
FL,"Coconut Creek Police Department","Task Force Model"
FL,"Collier County Sheriff's Office","Jail Enforcement Model; Task Force Model"
FL,"Columbia County Sheriff's Office","Task Force Model; Warrant Service Officer"
FL,"Coral Gables Police Department","Task Force Model"
FL,"Cross City Police Department","Task Force Model"
FL,"Dade City Police Department","Task Force Model"
FL,"Davenport Police Department","Task Force Model"
FL,"Davie Police Department","Task Force Model"
FL,"Daytona Beach Police Department","Task Force Model"
FL,"Daytona Beach Shores Public Safety","Task Force Model"
FL,"DeSoto County Sheriff's Office","Task Force Model; Warrant Service Officer"
FL,"Deland Police Department","Task Force Model"
FL,"Delray Beach Police Department","Task Force Model"
FL,"District Board of Trustees of Pensacola State College","Task Force Model"
FL,"Dixie County Sheriff's Office","Task Force Model; Warrant Service Officer"
FL,"Doral Police Department","Task Force Model"
FL,"Eatonville Police Department","Task Force Model"
FL,"Edgewater Police Department","Task Force Model"
FL,"Edgewood Police Department","Task Force Model"
FL,"Escambia County Board of County Commissioners/ Department of Corrections","Warrant Service Officer"
FL,"Escambia County Sheriff's Office","Task Force Model"
FL,"Eustis Police Department","Task Force Model"
FL,"Fellsmere Police Department","Task Force Model"
FL,"Flagler Beach Police Department","Task Force Model"
FL,"Flagler County Sheriff's Office","Task Force Model; Warrant Service Officer"
FL,"Florida A&M University Board of Trustees","Task Force Model"
FL,"Florida Atlantic Police Department","Task Force Model"
FL,"Florida Department of Corrections","Jail Enforcement Model"
FL,"Florida Department of Environmental Protection, Division of Law Enforcement","Task Force Model"
FL,"Florida Department of Financial Services, Criminal Investigation Division","Task Force Model"
FL,"Florida Department of Highway Safety and Motor Vehicles, Division of Highway Patrol","Task Force Model"
FL,"Florida Department of Law Enforcement","Task Force Model"
FL,"Florida Department of Lottery Services","Task Force Model"
FL,"Florida Division of Alcoholic Beverages and Tobacco","Task Force Model"
FL,"Florida Fish & Wildlife Conservation Commission","Task Force Model"
FL,"Florida Gaming Control Commission","Task Force Model"
FL,"Florida Gulf Coast University Police Department","Task Force Model"
FL,"Florida International University Police Department","Task Force Model"
FL,"Florida National Guard","Task Force Model"
FL,"Florida Polytechnic University Police Department","Task Force Model"
FL,"Florida Southwestern State College Police Department","Task Force Model"
FL,"Florida State College at Jacksonville Police Department","Task Force Model"
FL,"Florida State Guard","Task Force Model"
FL,"Florida State University Police Department","Task Force Model"
FL,"Fort Myers Police Department","Task Force Model"
FL,"Fort Walton Beach Police Department","Task Force Model"
FL,"Franklin County Sheriff's Office","Task Force Model; Warrant Service Officer"
FL,"Fruitland Park Police Department","Task Force Model"
FL,"Gadsden County Sheriff's Office","Task Force Model; Warrant Service Officer"
FL,"Gilchrist County Sheriff's Office","Task Force Model; Warrant Service Officer"
FL,"Glades County Sheriff's Office","Task Force Model; Warrant Service Officer"
FL,"Green Cove Springs Police Department","Task Force Model"
FL,"Gretna Police Department","Task Force Model"
FL,"Gulf Breeze Police Department","Task Force Model"
FL,"Gulf County Board of County Commissioners /Detention Facility","Warrant Service Officer"
FL,"Gulf County Sheriff's Office","Task Force Model"
FL,"Gulf Stream Police Department","Task Force Model"
FL,"Gulfport Police Department","Task Force Model"
FL,"Haines City Police Department","Task Force Model"
FL,"Hamilton County Sheriff's Office","Task Force Model; Warrant Service Officer"
FL,"Hardee County Sheriff's Office","Task Force Model; Warrant Service Officer"
FL,"Havana Police Department","Task Force Model"
FL,"Hendry County Sheriff's Office","Task Force Model; Warrant Service Officer"
FL,"Hernando County Sheriff's Office","Jail Enforcement Model; Task Force Model; Warrant Service Officer"
FL,"Hialeah Police Department","Task Force Model"
FL,"High Springs Police Department","Task Force Model"
FL,"Highland Beach Police Department","Task Force Model"
FL,"Highlands County Sheriff's Office","Task Force Model; Warrant Service Officer"
FL,"Hillsborough County Sheriff's Office","Task Force Model; Warrant Service Officer"
FL,"Holly Hill Police Department","Task Force Model"
FL,"Hollywood Police Department","Task Force Model"
FL,"Holmes Beach Police Department","Task Force Model"
FL,"Holmes County Sheriff's Office","Task Force Model; Warrant Service Officer"
FL,"Howey in the Hills Police Department","Task Force Model"
FL,"Indialantic Police Department","Task Force Model"
FL,"Indian Creek Village Department of Public Safety","Task Force Model"
FL,"Indian Harbour Beach Police Department","Task Force Model"
FL,"Indian River County Sheriff's Office","Task Force Model; Warrant Service Officer"
FL,"Indian River Shores Department of Public Safety","Task Force Model"
FL,"Indian Shores Police Department","Task Force Model"
FL,"Jackson County Correctional Facility","Warrant Service Officer"
FL,"Jackson County Sheriff's Office","Task Force Model"
FL,"Jacksonville Sheriff's Office","Jail Enforcement Model; Task Force Model"
FL,"Jasper Police Department","Task Force Model"
FL,"Jefferson County Sheriff's Office","Task Force Model; Warrant Service Officer"
FL,"Juno Beach Police Department","Task Force Model"
FL,"Jupiter Inlet Colony Police Department","Task Force Model"
FL,"Jupiter Island Department of Public Safety","Task Force Model"
FL,"Jupiter Police Department","Task Force Model"
FL,"Kenneth City Police Department","Task Force Model"
FL,"Key Colony Beach Police Department","Task Force Model"
FL,"Key West Police Department","Task Force Model"
FL,"Kissimmee Police Department","Task Force Model"
FL,"Lady Lake Police Department","Task Force Model"
FL,"Lafayette County Sheriff's Office","Task Force Model; Warrant Service Officer"
FL,"Lake Alfred Police Department","Task Force Model"
FL,"Lake City Police Department","Task Force Model"
FL,"Lake Clarke Shores Police Department","Task Force Model"
FL,"Lake County Sheriff's Office","Task Force Model; Warrant Service Officer"
FL,"Lake Hamilton Police Department","Task Force Model"
FL,"Lake Helen Police Department","Task Force Model"
FL,"Lake Mary Police Department","Task Force Model"
FL,"Lake Placid Police Department","Task Force Model"
FL,"Lake Wales Police Department","Task Force Model"
FL,"Lakeland Police Department","Task Force Model"
FL,"Lantana Police Department","Task Force Model"
FL,"Largo Police Department","Task Force Model"
FL,"Lee County Port Authority Police","Task Force Model"
FL,"Lee County Sheriff's Office","Jail Enforcement Model; Task Force Model; Warrant Service Officer"
FL,"Leon County Sheriff's Office","Task Force Model; Warrant Service Officer"
FL,"Levy County Sheriff's Office","Task Force Model; Warrant Service Officer"
FL,"Liberty County Sheriff's Office","Task Force Model; Warrant Service Officer"
FL,"Lighthouse Point Police Department","Task Force Model"
FL,"Live Oak Police Department","Task Force Model"
FL,"Longboat Key Police Department","Task Force Model"
FL,"Longwood Police Department","Task Force Model"
FL,"Lynn Haven Police Department","Task Force Model"
FL,"Madison County Sheriff's Office","Task Force Model; Warrant Service Officer"
FL,"Madison Police Department","Task Force Model"
FL,"Manatee County Sheriff's Office","Task Force Model; Warrant Service Officer"
FL,"Marco Island Police Department","Task Force Model"
FL,"Marianna Police Department","Task Force Model"
FL,"Marion County Sheriff's Office","Task Force Model; Warrant Service Officer"
FL,"Martin County Sheriff's Office","Task Force Model; Warrant Service Officer"
FL,"Melbourne Beach Police Department","Task Force Model"
FL,"Melbourne International Airport Police Department","Task Force Model"
FL,"Melbourne Police Department","Task Force Model"
FL,"Miami Springs Police Department","Task Force Model"
FL,"Miami-Dade Corrections and Rehabilitation","Warrant Service Officer"
FL,"Miami-Dade Sheriff's Office","Task Force Model"
FL,"Midway Police Department","Task Force Model"
FL,"Milton Police Department","Task Force Model"
FL,"Monroe County Sheriff's Office","Task Force Model; Warrant Service Officer"
FL,"Naples Police Department","Task Force Model"
FL,"Nassau County Sheriff's Office","Task Force Model; Warrant Service Officer"
FL,"Neptune Beach Police Department","Task Force Model"
FL,"New College of Florida Police Department","Task Force Model"
FL,"New Port Richey Police Department","Task Force Model"
FL,"New Smyrna Beach Police Department","Task Force Model"
FL,"Niceville Police Department","Task Force Model"
FL,"North Bay Village Police Department","Task Force Model"
FL,"North Palm Beach Police Department","Task Force Model"
FL,"North Port Police Department","Task Force Model"
FL,"Northwest Florida State College Police Department","Task Force Model"
FL,"Oakland Police Department","Task Force Model"
FL,"Ocala Police Department","Task Force Model"
FL,"Ocean Ridge Police Department","Task Force Model"
FL,"Ocoee Police Department","Task Force Model"
FL,"Office of Agricultural Law Enforcement","Task Force Model"
FL,"Office of the State Attorney Sixth Judicial Circuit","Task Force Model"
FL,"Okaloosa County Board of County Commissioners/ Department of Corrections","Warrant Service Officer"
FL,"Okaloosa County Sheriff's Office","Task Force Model"
FL,"Okeechobee County Sheriff's Office","Jail Enforcement Model; Task Force Model; Warrant Service Officer"
FL,"Okeechobee Police Department","Task Force Model"
FL,"Orange City Police Department","Task Force Model"
FL,"Orange County Corrections Department","Warrant Service Officer"
FL,"Orange County Sheriff's Office","Task Force Model"
FL,"Orange Park Police Department","Task Force Model"
FL,"Orlando Police Department","Task Force Model"
FL,"Ormond Beach Police Department","Task Force Model"
FL,"Osceola County Corrections Department","Warrant Service Officer"
FL,"Osceola County Sheriff's Office","Task Force Model"
FL,"Oviedo Police Department","Task Force Model"
FL,"Palm Bay Police Department","Task Force Model"
FL,"Palm Beach County Sheriff's Office","Task Force Model; Warrant Service Officer"
FL,"Palm Beach Gardens Police Department","Task Force Model"
FL,"Palm Beach Police Department","Task Force Model"
FL,"Palm Springs Police Department","Task Force Model"
FL,"Palmetto Police Department","Task Force Model"
FL,"Panama City Beach Police Department","Task Force Model"
FL,"Panama City Police Department","Task Force Model"
FL,"Pasco County Board of County Commissioners/ Pasco County Corrections","Warrant Service Officer"
FL,"Pasco County Sheriff's Office","Task Force Model"
FL,"Pembroke Park Police Department","Task Force Model"
FL,"Pembroke Pines Police Department","Task Force Model"
FL,"Pensacola Police Department","Task Force Model"
FL,"Perry Police Department","Task Force Model"
FL,"Pinellas County Sheriff's Office","Task Force Model; Warrant Service Officer"
FL,"Pinellas Park Police Department","Task Force Model"
FL,"Plant City Police Department","Task Force Model"
FL,"Polk County Sheriff's Office","Task Force Model; Warrant Service Officer"
FL,"Ponce Inlet Police Department","Task Force Model"
FL,"Port Orange Police Department","Task Force Model"
FL,"Port Richey Police Department","Task Force Model"
FL,"Port Saint Lucie Police Department","Task Force Model"
FL,"Punta Gorda Police Department","Task Force Model"
FL,"Putnam County Sheriff's Office","Task Force Model; Warrant Service Officer"
FL,"Quincy Police Department","Task Force Model"
FL,"Riviera Beach Police Department","Task Force Model"
FL,"Rockledge Police Department","Task Force Model"
FL,"Sanford Airport Police Department","Task Force Model"
FL,"Sanford Police Department","Task Force Model"
FL,"Sanibel Police Department","Task Force Model"
FL,"Santa Fe College Police Department","Task Force Model"
FL,"Santa Rosa County Sheriff's Office","Task Force Model; Warrant Service Officer"
FL,"Sarasota County Sheriff's Office","Task Force Model; Warrant Service Officer"
FL,"Sarasota Manatee Airport Authority Police Department","Task Force Model"
FL,"Sarasota Police Department","Task Force Model"
FL,"Satellite Beach Police Department","Task Force Model"
FL,"Sebastian Police Department","Task Force Model"
FL,"Sebring Police Department","Task Force Model"
FL,"Seminole County Sheriff's Office","Task Force Model; Warrant Service Officer"
FL,"Sewall's Point Police Department","Task Force Model"
FL,"Shalimar Police Department","Task Force Model"
FL,"South Daytona Police Department","Task Force Model"
FL,"Springfield Police Department","Task Force Model"
FL,"St. Augustine Beach Police Department","Task Force Model"
FL,"St. Augustine Police Department","Task Force Model"
FL,"St. Cloud Police Department","Task Force Model"
FL,"St. Johns County Sheriff's Office","Jail Enforcement Model; Task Force Model; Warrant Service Officer"
FL,"St. Lucie County Sheriff's Office","Task Force Model; Warrant Service Officer"
FL,"St. Petersburg Police Department","Task Force Model"
FL,"Stuart Police Department","Task Force Model"
FL,"Sumter County Sheriff's Office","Task Force Model; Warrant Service Officer"
FL,"Sunny Isles Police Department","Task Force Model"
FL,"Suwannee County Sheriff's Office","Task Force Model; Warrant Service Officer"
FL,"Sweetwater Police Department","Task Force Model"
FL,"Tallahassee Police Department","Task Force Model"
FL,"Tallahassee State College Police Department","Task Force Model"
FL,"Tampa Police Department","Task Force Model"
FL,"Tarpon Springs Police Department","Task Force Model"
FL,"Tavares Police Department","Task Force Model"
FL,"Taylor County Sheriff's Office","Jail Enforcement Model; Task Force Model; Warrant Service Officer"
FL,"Tequesta Police Department","Task Force Model"
FL,"Titusville Police Department","Task Force Model"
FL,"Treasure Island Police Department","Task Force Model"
FL,"Union County Sheriff's Office","Task Force Model; Warrant Service Officer"
FL,"University of Central Florida Police Department","Task Force Model"
FL,"University of Florida Police Department","Task Force Model"
FL,"University of North Florida Police Department","Task Force Model"
FL,"University of South Florida Police Department","Task Force Model"
FL,"University of West Florida Police Department","Task Force Model"
FL,"Venice Police Department","Task Force Model"
FL,"Vero Beach Police Department","Task Force Model"
FL,"Volusia County Division of Corrections","Warrant Service Officer"
FL,"Volusia County Sheriff's Office","Task Force Model"
FL,"Wakulla County Sheriff's Office","Task Force Model; Warrant Service Officer"
FL,"Walton County Sheriff's Office","Task Force Model; Warrant Service Officer"
FL,"Washington County Sheriff's Office","Task Force Model; Warrant Service Officer"
FL,"Welaka Police Department","Task Force Model"
FL,"West Melbourne Police Department","Task Force Model"
FL,"West Miami Police Department","Task Force Model"
FL,"West Palm Beach Police Department","Task Force Model"
FL,"Windermere Police Department","Task Force Model"
FL,"Winter Garden Police Department","Task Force Model"
FL,"Winter Haven Police Department","Task Force Model"
FL,"Winter Springs Police Department","Task Force Model"
FL,"Zephyrhills Police Department","Task Force Model"
GA,"Alto Police Department","Task Force Model"
GA,"Appling County Sheriff's Office","Task Force Model"
GA,"Atkinson County Sheriff's Office","Jail Enforcement Model; Task Force Model"
GA,"Bacon County Sheriff's Office","Task Force Model"
GA,"Bibb County Sheriff's Office","Warrant Service Officer"
GA,"Burke County Sheriff's Office","Warrant Service Officer"
GA,"Camden County Sheriff's Office","Jail Enforcement Model; Task Force Model; Warrant Service Officer"
GA,"Catoosa County Sheriff's Office","Jail Enforcement Model; Warrant Service Officer"
GA,"City of Morrow Police Department","Task Force Model"
GA,"Columbia County Sheriff's Office","Jail Enforcement Model"
GA,"Coweta County Sheriff's Office","Warrant Service Officer"
GA,"Dade County Sheriff's Office","Warrant Service Officer"
GA,"Dallas Police Department","Task Force Model"
GA,"Dawson County Sheriff's Office","Warrant Service Officer"
GA,"Decatur County Sheriff's Office","Warrant Service Officer"
GA,"Euharlee Police Department","Task Force Model"
GA,"Fayette County Sheriff's Office","Warrant Service Officer"
GA,"Floyd County Sheriff's Office","Jail Enforcement Model"
GA,"Forsyth County Sheriff's Office","Warrant Service Officer"
GA,"Franklin County Sheriff's Office","Warrant Service Officer"
GA,"Georgia Department of Corrections","Jail Enforcement Model"
GA,"Georgia Department of Public Safety","Task Force Model"
GA,"Gilmer County Sheriff's Office","Warrant Service Officer"
GA,"Glynn County Sheriff's Office","Warrant Service Officer"
GA,"Grady County Sheriff's Office","Jail Enforcement Model; Task Force Model; Warrant Service Officer"
GA,"Hahira Police Department","Task Force Model"
GA,"Hall County Sheriff's Office","Jail Enforcement Model"
GA,"Harris County Sheriff's Office","Task Force Model; Warrant Service Officer"
GA,"Jasper County Sheriff's Office","Jail Enforcement Model; Warrant Service Officer"
GA,"Lanier County Sheriff's Office","Task Force Model"
GA,"Lumpkin County Sheriff's Office","Warrant Service Officer"
GA,"Madison County Sheriff's Office","Warrant Service Officer"
GA,"Marietta Police Department","Task Force Model"
GA,"Monroe County Sheriff's Office","Jail Enforcement Model"
GA,"Monroe Police Department","Task Force Model"
GA,"Morgan County Sheriff's Office","Warrant Service Officer"
GA,"Morven Police Department","Task Force Model"
GA,"Oconee County Sheriff's Office","Warrant Service Officer"
GA,"Odum Police Department","Task Force Model"
GA,"Oglethorpe County Sheriff's Office","Task Force Model"
GA,"Pearson Police Department","Task Force Model"
GA,"Pierce County Sheriff's Office","Warrant Service Officer"
GA,"Polk County Sheriff's Office","Jail Enforcement Model"
GA,"Social Circle Police Department","Task Force Model"
GA,"Statesboro Police Department","Task Force Model"
GA,"Thomas County Sheriff's Office","Jail Enforcement Model; Task Force Model; Warrant Service Officer"
GA,"Tift County Sheriff's Office","Jail Enforcement Model; Warrant Service Officer"
GA,"Turner County Sheriff's Office","Jail Enforcement Model; Task Force Model; Warrant Service Officer"
GA,"Walker County Sheriff's Office","Jail Enforcement Model"
GA,"Wayne County Sheriff's Office","Task Force Model"
GA,"Whitfield County Sheriff's Office","Jail Enforcement Model"
GUAM,"Office Of The Attorney General","Task Force Model"
IA,"Iowa Department of Public Safety","Task Force Model"
IA,"Marion County Sheriff's Office","Task Force Model"
ID,"Bingham County Sheriff's Office","Warrant Service Officer"
ID,"Bonneville County Sheriff's Office","Warrant Service Officer"
ID,"Caribou County Sheriff's Office","Warrant Service Officer"
ID,"Franklin County Sheriff's Office","Task Force Model"
ID,"Gooding County Sheriff's Office","Warrant Service Officer"
ID,"Idaho State Police Department","Task Force Model"
ID,"Kootenai County Sheriff's Office","Jail Enforcement Model; Warrant Service Officer"
ID,"Owyhee County Sheriff's Office","Task Force Model; Warrant Service Officer"
ID,"Power County Sheriff’s Office","Warrant Service Officer"
ID,"Washington County Sheriff's Office","Warrant Service Officer"
IN,"Angola Police Department","Task Force Model"
IN,"Bainbridge Police Department","Task Force Model"
IN,"Cadiz Police Department","Task Force Model"
IN,"Carthage Police Department","Task Force Model"
IN,"Claypool Police Department","Task Force Model"
IN,"Corydon Police Department","Task Force Model; Warrant Service Officer"
IN,"Gentryville Police Department","Task Force Model"
IN,"Greens Fork Police Department","Task Force Model"
IN,"Greensboro Police Department","Task Force Model"
IN,"Hamilton County Sheriff's Office","Jail Enforcement Model"
IN,"Haubstadt Police Department","Task Force Model"
IN,"Hendricks County Prosecutor's Office","Task Force Model"
IN,"Holland Police Department","Task Force Model"
IN,"Indiana Department of Corrections","Jail Enforcement Model; Warrant Service Officer"
IN,"Indiana Department of Homeland Security","Task Force Model"
IN,"Indiana State Police Department","Task Force Model"
IN,"Jasper County Sheriff's Office","Warrant Service Officer"
IN,"Kennard Police Department","Task Force Model"
IN,"LaGrange Police Department","Task Force Model"
IN,"Laurel Police Department","Task Force Model"
IN,"Marengo Police Department","Task Force Model"
IN,"Moores Hill Police Department","Task Force Model"
IN,"Noble County Sheriff's Office","Warrant Service Officer"
IN,"North Salem Police Department","Task Force Model"
IN,"Orestes Police Department","Task Force Model"
IN,"Rush County Sheriff's Office","Warrant Service Officer"
IN,"Shirley Police Department","Task Force Model"
IN,"Stinesville Police Department","Task Force Model"
IN,"West Harrison Police Department","Task Force Model"
IN,"Wolcott Police Department","Task Force Model"
IN,"Worthington Police Department","Task Force Model"
KS,"Anderson County Sheriff's Office","Warrant Service Officer"
KS,"Brown County Sheriff's Office","Jail Enforcement Model; Task Force Model; Warrant Service Officer"
KS,"Caney Police Department","Task Force Model"
KS,"Cherryvale Police Department","Task Force Model"
KS,"Cloud County Sheriff's Department","Warrant Service Officer"
KS,"Coffey County Sheriff's Office","Warrant Service Officer"
KS,"Coffeyville Police Department","Task Force Model"
KS,"Cowley County Sheriff's Office","Warrant Service Officer"
KS,"Ellis County Sheriff's Office","Warrant Service Officer"
KS,"Finney County Sheriff’s Office","Warrant Service Officer"
KS,"Franklin County Sheriff's Office","Warrant Service Officer"
KS,"Haskell County Sheriff's Office","Warrant Service Officer"
KS,"Jackson County Sheriff’s Office","Warrant Service Officer"
KS,"Jewell County Sheriff's Office","Warrant Service Officer"
KS,"Kansas Bureau of Investigation","Task Force Model"
KS,"Logan County Sheriff's Department","Warrant Service Officer"
KS,"Lyon County Sheriff's Office","Warrant Service Officer"
KS,"Osage County Sheriff's Office","Warrant Service Officer"
KS,"Phillips County Sheriff's Department","Warrant Service Officer"
KS,"Pottawatomie County Sheriff's Office","Warrant Service Officer"
KS,"Reno County Sheriff's office","Warrant Service Officer"
KS,"Rice County Sheriff's Office","Warrant Service Officer"
KS,"Rooks County Sheriff's Office","Warrant Service Officer"
KS,"Rush County Sheriff's Office","Warrant Service Officer"
KS,"Saline County Sheriff's Office","Warrant Service Officer"
KS,"Sedgwick County Sheriff's Office","Warrant Service Officer"
KS,"Shawnee County Sheriff's Office","Task Force Model"
KS,"Trego County Sheriff's Office","Jail Enforcement Model; Task Force Model; Warrant Service Officer"
KS,"Wabaunsee County Sheriff's Office","Warrant Service Officer"
KS,"Wathena Police Department","Task Force Model"
KY,"Bracken County Sheriff's Office","Task Force Model"
KY,"Brodhead Police Department","Task Force Model"
KY,"Bullitt County Sheriff's Office","Task Force Model"
KY,"Butler County Sheriff's Office","Task Force Model; Warrant Service Officer"
KY,"Carlisle County Sheriff's Office","Task Force Model"
KY,"Carroll County Sheriff's Office","Task Force Model; Warrant Service Officer"
KY,"Clay County Sheriff's Office","Task Force Model"
KY,"Clinton County Sheriff's Office","Task Force Model"
KY,"Daviess County Sheriff's Office","Task Force Model; Warrant Service Officer"
KY,"Falmouth Police Department","Task Force Model"
KY,"Fulton County Sheriff's Office","Task Force Model"
KY,"Gallatin County Sheriff's Office","Task Force Model"
KY,"Glasgow Police Department","Task Force Model"
KY,"Grayson County Detention Center","Jail Enforcement Model; Warrant Service Officer"
KY,"Grayson County Sheriff’s Office","Task Force Model"
KY,"Hazard Police Department","Task Force Model"
KY,"Heritage Creek Police Department","Task Force Model"
KY,"Hickman County Sheriff's Office","Task Force Model"
KY,"Hickman Police Department","Task Force Model"
KY,"Jackson County Sheriff's Office","Task Force Model"
KY,"Kenton County Sheriff's Office","Jail Enforcement Model; Warrant Service Officer"
KY,"Laurel County Sheriff's Office","Task Force Model"
KY,"Letcher County Sheriff's Office","Task Force Model"
KY,"Livingston Police Department","Task Force Model"
KY,"Lyon County Sheriff's Office","Task Force Model"
KY,"Marshall County Sheriff's Office","Task Force Model"
KY,"McCracken County Sheriff's Office","Task Force Model"
KY,"Middlesboro Police Department","Task Force Model"
KY,"Montgomery County Sheriff's Office","Task Force Model"
KY,"Oldham County Detention Center","Jail Enforcement Model; Warrant Service Officer"
KY,"Pendleton County Sheriff's Office","Task Force Model"
KY,"Rockcastle County Sheriff's Office","Jail Enforcement Model; Task Force Model"
KY,"Rowan County Sheriff's Office","Task Force Model"
KY,"Scott County Sheriff's Office","Task Force Model"
KY,"Union County Sheriff's Office","Task Force Model"
KY,"Wayne County Sheriff's Office","Task Force Model; Warrant Service Officer"
KY,"West Liberty Police Department","Task Force Model"
KY,"Winchester Police Department","Task Force Model"
LA,"Arnaudville Police Department","Task Force Model"
LA,"Beauregard Parish Sheriff's Office","Task Force Model"
LA,"Bossier Parish Sheriff's Office","Jail Enforcement Model"
LA,"Calcasieu Parish Sheriff's Office","Warrant Service Officer"
LA,"Caldwell Parish Sheriff's Office","Task Force Model"
LA,"Columbia Police Department","Task Force Model"
LA,"Grayson Police Department","Task Force Model"
LA,"Greenwood Police Department","Task Force Model"
LA,"Gretna Police Department","Task Force Model"
LA,"Gueydan Police Department","Task Force Model"
LA,"Hammond Police Department","Task Force Model; Warrant Service Officer"
LA,"Kenner Police Department","Jail Enforcement Model; Task Force Model"
LA,"LaSalle Parish Sheriff's Office","Task Force Model"
LA,"Lafayette Parish Sheriff's Office","Task Force Model; Warrant Service Officer"
LA,"Lafourche Parish Sheriff's Office","Warrant Service Officer"
LA,"Livingston Parish Sheriff's Office","Task Force Model"
LA,"Louisiana Alcohol and Tobacco Control","Task Force Model"
LA,"Louisiana Department of Public Safety & Corrections","Jail Enforcement Model; Warrant Service Officer"
LA,"Louisiana Department of Wildlife & Fisheries","Task Force Model"
LA,"Louisiana Military Department","Task Force Model"
LA,"Louisiana Office of the State Fire Marshal","Task Force Model"
LA,"Louisiana State Police Department","Task Force Model"
LA,"Morse Police Department","Task Force Model"
LA,"Olla Police Department","Task Force Model"
LA,"Ouachita Parish Sheriff's Office","Task Force Model; Warrant Service Officer"
LA,"Pearl River Police Department","Task Force Model"
LA,"Plaquemines Parish Sheriff's Office","Task Force Model; Warrant Service Officer"
LA,"Pointe Coupee Parish Sheriff's Office","Jail Enforcement Model; Task Force Model; Warrant Service Officer"
LA,"St. Bernard Parish Sheriff's Office","Jail Enforcement Model"
LA,"St. Charles Parish Sheriff's Office","Warrant Service Officer"
LA,"Ward 5 Marshal's Office","Task Force Model"
LA,"Winn Parish Sheriff's Office","Task Force Model"
MA,"Massachusetts Department of Corrections","Jail Enforcement Model"
MD,"Garrett County Sheriff's Office","Warrant Service Officer"
MD,"Washington County Sheriff's Office","Warrant Service Officer"
MI,"Berrian County Sheriff's Office","Warrant Service Officer"
MI,"Calhoun County Sheriff's Office","Warrant Service Officer"
MI,"Crawford County Sheriff's Office","Task Force Model"
MI,"Jackson County Sheriff's Office","Warrant Service Officer"
MI,"Oakley Police Department","Task Force Model"
MI,"Roscommon County Sheriff's Office","Task Force Model"
MI,"Taylor Police Department","Task Force Model"
MI,"West Branch Police Department","Task Force Model"
MN,"Cass County Sheriff's Office","Task Force Model"
MN,"Crow Wing County Sheriff's Office","Task Force Model; Warrant Service Officer"
MN,"Freeborn County Sheriff's Office","Warrant Service Officer"
MN,"International Falls Police Department","Task Force Model"
MN,"Isle Police Department","Task Force Model"
MN,"Itasca County Sheriff's Office","Task Force Model"
MN,"Kandiyohi County Sheriff's Office","Warrant Service Officer"
MN,"Mille Lacs County Sheriff's Office","Task Force Model"
MN,"Sherburne County Sheriff's Office","Jail Enforcement Model"
MO,"Ash Grove Police Department","Task Force Model"
MO,"Ava Police Department","Task Force Model"
MO,"Bismarck Police Department","Task Force Model"
MO,"Bowling Green Police Department","Task Force Model"
MO,"Branson Police Department","Task Force Model"
MO,"Breckenridge Hills Police Department","Task Force Model"
MO,"Cabool Police Department","Task Force Model"
MO,"Callaway County Sheriff's Office","Jail Enforcement Model"
MO,"Carter County Sheriff's Office","Jail Enforcement Model; Task Force Model"
MO,"Christian County Sheriff's Office","Task Force Model; Warrant Service Officer"
MO,"Country Club Hills Police Department","Task Force Model"
MO,"Crane Police Department","Task Force Model"
MO,"Crawford County Sheriff's Office","Task Force Model"
MO,"Dallas County Sheriff's Office","Task Force Model"
MO,"Daviess County Sheriff's Office","Jail Enforcement Model; Task Force Model; Warrant Service Officer"
MO,"Dekalb County Sheriff's Office","Jail Enforcement Model; Task Force Model; Warrant Service Officer"
MO,"Dixon Police Department","Task Force Model"
MO,"Doolittle Police Department","Task Force Model"
MO,"Douglas County Sheriff's Office","Task Force Model"
MO,"Dunklin County Sheriff's Office","Task Force Model"
MO,"El Dorado Springs Police Department","Task Force Model"
MO,"Ellington Police Department","Task Force Model"
MO,"Ellisville Police Department","Task Force Model"
MO,"Elsberry Police Department","Task Force Model"
MO,"Gerald Police Department","Task Force Model"
MO,"Goodman Police Department","Task Force Model; Warrant Service Officer"
MO,"Grundy County Sheriff's Office","Task Force Model"
MO,"Hallsville Police Department","Task Force Model"
MO,"Hawk Point Police Department","Task Force Model"
MO,"Hillsdale Police Department","Task Force Model"
MO,"Houston Police Department","Task Force Model"
MO,"Humansville Police Department","Task Force Model"
MO,"Jefferson County Sheriff's Office","Task Force Model"
MO,"Lawrence County Sheriff's Office","Task Force Model"
MO,"Licking Police Department","Task Force Model"
MO,"Lincoln County Sheriff's Office","Task Force Model"
MO,"Madison County Sheriff's Office","Task Force Model"
MO,"Mansfield Police Department","Task Force Model"
MO,"Merriam Woods Police Department","Task Force Model"
MO,"Mississippi County Sheriff's Office","Jail Enforcement Model; Task Force Model; Warrant Service Officer"
MO,"Missouri Highway Patrol","Task Force Model"
MO,"Mountain Grove Police Department","Task Force Model"
MO,"New Madrid County Sheriff's Office","Task Force Model"
MO,"North County Police Cooperative","Task Force Model"
MO,"Oak Grove Village Police Department","Task Force Model"
MO,"Ozark County Sheriff's Office","Jail Enforcement Model; Task Force Model; Warrant Service Officer"
MO,"Perryville Police Department","Task Force Model"
MO,"Pettis County Sheriff's Office","Jail Enforcement Model; Task Force Model"
MO,"Phelps County Sheriff's Department","Task Force Model"
MO,"Pineville Police Department","Task Force Model"
MO,"Potosi Police Department","Task Force Model"
MO,"Pulaski County Sheriff's Office","Task Force Model; Warrant Service Officer"
MO,"Reeds Spring Police Department","Task Force Model"
MO,"Reynolds County Sheriff's Office","Task Force Model"
MO,"Ripley County Sheriff's Office","Task Force Model"
MO,"Saint Ann Police Department","Task Force Model"
MO,"Saint Charles County Police Department","Task Force Model"
MO,"Saint Francois County Sheriff's Office","Task Force Model"
MO,"Scott County Sheriff's Office","Task Force Model"
MO,"Seligman Police Department","Task Force Model"
MO,"Seymour Police Department","Task Force Model"
MO,"Southwest City Police Department","Task Force Model"
MO,"Sparta Police Department","Task Force Model"
MO,"Ste. Genevieve County Sheriff's Office","Task Force Model; Warrant Service Officer"
MO,"Ste. Genevieve Police Department","Task Force Model"
MO,"Stoddard County Sheriff's Office","Task Force Model"
MO,"Stone County Sheriff's Office","Task Force Model"
MO,"Texas County Sheriff's Office","Jail Enforcement Model; Task Force Model; Warrant Service Officer"
MO,"Walnut Grove Police Department","Task Force Model"
MO,"Washburn Police Department","Task Force Model; Warrant Service Officer"
MO,"Washington County Sheriff's Office","Task Force Model"
MO,"Wayne County Sheriff's Office","Task Force Model"
MO,"Webster County Sheriff's Office","Task Force Model"
MO,"Wheaton Police Department","Task Force Model"
MO,"Willow Springs Police Department","Task Force Model"
MO,"Winfield Police Department","Task Force Model"
MO,"Woodson Terrace Police Department","Task Force Model"
MO,"Wright County Sheriff's Office","Jail Enforcement Model; Task Force Model; Warrant Service Officer"
MS,"Carroll County Sheriff's Department","Task Force Model"
MS,"Carthage Police Department","Task Force Model"
MS,"Clay County Sheriff's Department","Task Force Model"
MS,"Grenada County Sheriff's Office","Task Force Model"
MS,"Harrison County Sheriff's Office","Jail Enforcement Model; Warrant Service Officer"
MS,"Lauderdale County Sheriff's Office","Warrant Service Officer"
MS,"Leake County Sheriff's Office","Task Force Model"
MS,"Louisville Police Department","Task Force Model"
MS,"Mississippi Attorney General's Office","Task Force Model"
MS,"Mississippi Department of Public Safety","Task Force Model"
MS,"Mississippi Office of the State Auditor","Task Force Model"
MS,"Monroe County Sheriff's Office","Jail Enforcement Model; Task Force Model"
MS,"Montgomery County Sheriff's Department","Task Force Model"
MS,"Neshoba County Sheriff's Office","Task Force Model"
MS,"Newton County Sheriff's Department","Jail Enforcement Model; Task Force Model"
MS,"Noxubee County Sheriff's Office","Task Force Model"
MS,"Panola County Sheriff's Office","Task Force Model"
MS,"Pearl Police Department","Task Force Model"
MS,"Smith County Sheriff's Office","Jail Enforcement Model; Task Force Model"
MS,"Stone County Sheriff's Office","Jail Enforcement Model; Task Force Model; Warrant Service Officer"
MS,"Sumrall Police Department","Task Force Model"
MS,"Tate County Sheriff's Office","Task Force Model; Warrant Service Officer"
MS,"Union Police Department","Task Force Model"
MS,"Wayne County Sheriff's Department","Task Force Model"
MS,"Webster County Sheriff's Office","Task Force Model"
MS,"Wiggins Police Department","Task Force Model"
MT,"Carter County Sheriff's Office","Task Force Model"
MT,"Flathead County Sheriff's Office","Warrant Service Officer"
MT,"Gallatin County Sheriff's Office","Warrant Service Officer"
MT,"Garfield County Sheriff's Office","Task Force Model"
MT,"Montana Department of Justice","Task Force Model"
MT,"Treasure County Sheriff's Office","Task Force Model"
NC,"Alamance County Sheriff's Office","Warrant Service Officer"
NC,"Albemarle District Jail","Warrant Service Officer"
NC,"Avery County Sheriff's Office","Warrant Service Officer"
NC,"Beulaville Police Department","Task Force Model"
NC,"Brookford Police Department","Task Force Model"
NC,"Brunswick County Sheriff's Office","Warrant Service Officer"
NC,"Cabarrus County Sheriff's Office","Jail Enforcement Model"
NC,"Caldwell County Sheriff's Office","Warrant Service Officer"
NC,"Carteret County Sheriff's Office","Warrant Service Officer"
NC,"Catawba County Sheriff's Office","Warrant Service Officer"
NC,"Cherokee County Sheriff's Office","Warrant Service Officer"
NC,"Cleveland County Sheriff's Office","Warrant Service Officer"
NC,"Columbus County Sheriff's Office","Task Force Model; Warrant Service Officer"
NC,"Craven County Sheriff's Office","Warrant Service Officer"
NC,"Duplin County Sheriff's Office","Warrant Service Officer"
NC,"Gaston County Sheriff's Office","Jail Enforcement Model"
NC,"Henderson County Sheriff's Office","Jail Enforcement Model"
NC,"Lincoln County Sheriff's Office","Warrant Service Officer"
NC,"Nash County Sheriff's Office","Warrant Service Officer"
NC,"Newland Police Department","Task Force Model"
NC,"Onslow County Sheriff's Office","Task Force Model; Warrant Service Officer"
NC,"Person County Sheriff's Office","Warrant Service Officer"
NC,"Randolph County Sheriff's Office","Warrant Service Officer"
NC,"Robbins Police Department","Task Force Model"
NC,"Rockingham County Sheriff's Office","Warrant Service Officer"
NC,"Union County Sheriff's Office","Warrant Service Officer"
NC,"Yancey County Sheriff's Office","Warrant Service Officer"
ND,"Bowman County Sheriff's Office","Task Force Model; Warrant Service Officer"
ND,"Burke County Sheriff's Office","Task Force Model"
ND,"Dickinson Police Department","Task Force Model"
ND,"Dunn County Sheriff's Office","Task Force Model; Warrant Service Officer"
ND,"Eddy County Sheriff's Office","Task Force Model"
ND,"McKenzie County Sheriff's Office","Task Force Model"
ND,"Mercer County Sheriff's Office","Task Force Model"
ND,"Ramsey County Sheriff's Office","Task Force Model"
ND,"Renville County Sheriff's Office","Task Force Model; Warrant Service Officer"
ND,"Williams County Sheriff's Office","Jail Enforcement Model; Task Force Model; Warrant Service Officer"
NE,"Banner County Sheriff's Office","Task Force Model"
NE,"Dakota County Sheriff's Office","Jail Enforcement Model"
NE,"Nebraska Department of Correctional Services","Jail Enforcement Model"
NE,"Nebraska State Patrol","Task Force Model"
NE,"Red Willow County Sheriff's Office","Jail Enforcement Model; Task Force Model; Warrant Service Officer"
NE,"Sioux County Sheriff's Office","Task Force Model"
NE,"Wheeler County Sheriff's Office","Task Force Model"
NH,"Auburn Police Department","Task Force Model"
NH,"Belknap County Sheriff's Office","Task Force Model"
NH,"Candia Police Department","Task Force Model"
NH,"Carroll Police Department","Task Force Model"
NH,"Chester Police Department","Task Force Model"
NH,"Colebrook Police Department","Task Force Model"
NH,"Epping Police Department","Task Force Model"
NH,"Gorham Police Department","Task Force Model"
NH,"Grafton County Sheriff's Office","Task Force Model"
NH,"Hillsborough County Sheriff's Office","Task Force Model"
NH,"New Hampshire State Police Department","Task Force Model"
NH,"Ossipee Police Department","Task Force Model"
NH,"Pittsburgh Police Department","Task Force Model"
NH,"Rockingham County Sheriff's Office","Task Force Model"
NH,"Troy Police Department","Task Force Model"
NH,"Whitefield Police Department","Task Force Model"
NM,"Curry County Sheriff's Office","Warrant Service Officer"
NM,"Torrance County Sheriff's Office","Warrant Service Officer"
NORTHERN MARIANA ISLANDS,"CNMI Department of Corrections","Jail Enforcement Model"
NORTHERN MARIANA ISLANDS,"CNMI Department of Public Safety","Task Force Model"
NV,"Douglas County Sheriff's Office","Warrant Service Officer"
NV,"Las Vegas Metropolitan Police Department","Warrant Service Officer"
NV,"Lyon County Sheriff's Office","Jail Enforcement Model; Warrant Service Officer"
NV,"Mineral County Sheriff's Office","Warrant Service Officer"
NY,"Allegany Village Police Department","Task Force Model"
NY,"Broome County Sheriff's Office","Warrant Service Officer"
NY,"Camden Police Department","Task Force Model"
NY,"Cattaraugus County Sheriff's Office","Task Force Model"
NY,"Madison County Sheriff's Office","Warrant Service Officer"
NY,"Mohawk Village Police Department","Task Force Model"
NY,"Nassau County Police Department","Task Force Model"
NY,"Nassau County Sheriff's Office","Warrant Service Officer"
NY,"Niagara County Sheriff's Office","Task Force Model; Warrant Service Officer"
NY,"Otsego County Sheriff's Office","Warrant Service Officer"
NY,"Rensselaer County Sheriff's Office","Jail Enforcement Model"
NY,"Steuben County Sheriff's Office","Task Force Model; Warrant Service Officer"
OH,"Aberdeen Police Department","Task Force Model"
OH,"Butler County Sheriff's Office","Jail Enforcement Model; Task Force Model"
OH,"Clermont County Sheriff's Office","Task Force Model"
OH,"Dalton Police Department","Task Force Model"
OH,"Fayette County Sheriff's Office","Warrant Service Officer"
OH,"Fayetteville Police Department","Task Force Model"
OH,"Gratis Police Department","Task Force Model"
OH,"Jamestown Police Department","Task Force Model"
OH,"Lake County Sheriff's Office","Task Force Model; Warrant Service Officer"
OH,"Peebles Police Department","Task Force Model"
OH,"Pleasantville Police Department","Task Force Model"
OH,"Portage County Sheriff's Office","Task Force Model; Warrant Service Officer"
OH,"Russellville Police Department","Task Force Model"
OH,"Sardinia Police Department","Task Force Model"
OH,"Seneca County Sheriff's Office","Task Force Model; Warrant Service Officer"
OH,"Spencer Police Department","Task Force Model"
OH,"Warren County Sheriff's Office","Task Force Model"
OK,"Achille Police Department","Task Force Model"
OK,"Afton Police Department","Task Force Model"
OK,"Atoka County Sheriff's Office","Task Force Model"
OK,"Barnsdall Police Department","Task Force Model"
OK,"Beggs Police Department","Task Force Model"
OK,"Bennington Police Department","Task Force Model"
OK,"Bixby Police Department","Task Force Model"
OK,"Blaine County Sheriff's Office","Task Force Model; Warrant Service Officer"
OK,"Boise City Police Department","Task Force Model"
OK,"Bokchito Police Department","Task Force Model"
OK,"Caddo Police Department","Task Force Model"
OK,"Canadian County Sheriff's Office","Jail Enforcement Model; Task Force Model; Warrant Service Officer"
OK,"Checotah Police Department","Task Force Model"
OK,"Chelsea Police Department","Task Force Model"
OK,"Cimarron County Sheriff's Office","Task Force Model"
OK,"Colbert Police Department","Task Force Model"
OK,"Collinsville Police Department","Task Force Model"
OK,"Craig County Sheriff's Office","Task Force Model"
OK,"Creek County Sheriff's Office","Task Force Model"
OK,"Custer County Sheriff's Office","Task Force Model"
OK,"Geary Police Department","Task Force Model"
OK,"Grady County Sheriff's Office","Task Force Model"
OK,"Haskell County Sheriff's Office","Task Force Model"
OK,"Hobart Police Department","Task Force Model"
OK,"Johnston County Sheriff's Office","Task Force Model"
OK,"Kiefer Police Department","Task Force Model"
OK,"Lincoln County Sheriff's Office","Task Force Model; Warrant Service Officer"
OK,"Logan County Sheriff's Office","Jail Enforcement Model"
OK,"Major County Sheriff's Department","Task Force Model"
OK,"McIntosh County Sheriff's Office","Task Force Model"
OK,"Minco Police Department","Task Force Model"
OK,"Mounds Police Department","Task Force Model"
OK,"Muskogee County Sheriff's Office","Warrant Service Officer"
OK,"Noble County Sheriff's Office","Task Force Model"
OK,"Nowata Police Department","Task Force Model"
OK,"Office of The District Attorney - Eighth District","Task Force Model"
OK,"Okfusfee County Sheriff's Office","Task Force Model"
OK,"Oklahoma Bureau of Investigation","Task Force Model"
OK,"Oklahoma Bureau of Narcotics","Task Force Model"
OK,"Oklahoma Department of Corrections","Jail Enforcement Model; Warrant Service Officer"
OK,"Oklahoma Department of Public Safety","Task Force Model"
OK,"Okmulgee County Criminal Justice Authority","Warrant Service Officer"
OK,"Okmulgee County District Attorney's Office","Task Force Model"
OK,"Okmulgee County Sheriff's Office","Task Force Model"
OK,"Ottawa County Sheriff's Office","Task Force Model"
OK,"Porum Police Department","Task Force Model"
OK,"Roland Police Department","Task Force Model"
OK,"Sequoyah County Sheriff's Office","Task Force Model"
OK,"Sterling Police Department","Task Force Model"
OK,"Stratford Police Department","Task Force Model"
OK,"Stringtown Police Department","Task Force Model"
OK,"Talala Police Department","Task Force Model"
OK,"Texas County Sheriff's Office","Task Force Model; Warrant Service Officer"
OK,"Tulsa County Sheriff's Office","Jail Enforcement Model"
OK,"Tushka Police Department","Task Force Model"
OK,"Vinita Police Department","Task Force Model"
OK,"Washita County Sheriff's Office","Task Force Model"
OK,"Weatherford Police Department","Task Force Model"
PA,"Addison Borough Constable's Office","Task Force Model"
PA,"Beaver County Sheriff's Office","Task Force Model"
PA,"Benton Borough Police Department","Task Force Model"
PA,"Bessemer Borough Police Department","Task Force Model"
PA,"Bradford County Sheriff's Office","Warrant Service Officer"
PA,"Bradford Police Department","Task Force Model"
PA,"Butler County Sheriff's Office","Task Force Model"
PA,"Butler Township Police Department","Task Force Model"
PA,"Cambria County Prison","Warrant Service Officer"
PA,"Carroll Township Police Department","Task Force Model"
PA,"Center Township Police Department","Task Force Model"
PA,"Chippewa Township Police Department","Task Force Model"
PA,"Constable Unity Township","Task Force Model"
PA,"Coolspring Township Constable's Office","Task Force Model"
PA,"Cornwall Borough Police Department","Task Force Model"
PA,"County of Franklin / Franklin County Jail","Warrant Service Officer"
PA,"Damascus Township Constable","Task Force Model"
PA,"East Donegal Township Constables Office","Task Force Model"
PA,"East Franklin Township Police Department","Task Force Model"
PA,"East Pennsylvania Township Constable Office","Task Force Model"
PA,"Fannett Township Constables Office","Task Force Model"
PA,"Frackville Borough Police Department","Task Force Model"
PA,"Franklin County Sheriffs Office","Task Force Model"
PA,"Franklin Township Police Department","Task Force Model"
PA,"Gaines Township PA State Constable","Task Force Model"
PA,"Greene Township Constable's Office","Task Force Model"
PA,"Greene Washington Regional Police Department","Task Force Model"
PA,"Hazleton Police Department","Task Force Model"
PA,"Hellam Township Police Department","Task Force Model"
PA,"Hughesville Borough Police Department","Task Force Model"
PA,"Juniata County Sheriff's Office","Task Force Model"
PA,"Kittanning Borough Police Department","Task Force Model"
PA,"Kline Township Police Department","Task Force Model"
PA,"Lancaster County District Attorney's Office","Task Force Model"
PA,"Lancaster County Sheriff's Office","Task Force Model"
PA,"Lansdowne Borough Constable's Office","Task Force Model"
PA,"Lebanon County District Attorney's Office","Task Force Model"
PA,"Lebanon County Regional Police Department","Task Force Model"
PA,"Lebanon County Sheriff's Office","Task Force Model"
PA,"Lewistown Borough Constable's Office","Task Force Model"
PA,"Locust Township Police Department","Task Force Model"
PA,"Lower Burrell Fourth Ward Constable","Task Force Model"
PA,"Luzerne County District Attorney's Office","Task Force Model"
PA,"Mahanoy City Borough Police Department","Task Force Model"
PA,"Mahanoy Township Police Department","Task Force Model"
PA,"Mahoning TWP Police Department - Montour","Task Force Model"
PA,"Mahoning Township Police Department","Task Force Model"
PA,"Manheim Borough Police Department","Task Force Model"
PA,"Manor Township Police Department","Task Force Model"
PA,"Milford Borough Police Department","Task Force Model"
PA,"Montour County Sheriff's Office","Task Force Model"
PA,"Montoursville Borough Police Department","Task Force Model"
PA,"Mount Carmel Township Police Department","Task Force Model"
PA,"Mount Holly Springs Borough Police Department","Task Force Model"
PA,"Muncy Borough Police Department","Task Force Model"
PA,"New Sewickley Township Police Department","Task Force Model"
PA,"Northern York County Regional Police Department","Task Force Model"
PA,"Northwest Regional Police Department","Task Force Model"
PA,"Orange Township Police Department","Task Force Model"
PA,"Orwigsburg Borough Police Department","Task Force Model"
PA,"Pennsylvania State Constable Office Honey Brook Precinct 1","Task Force Model"
PA,"Pennsylvania State Constable's Office So Middleton Twp","Task Force Model"
PA,"Pennsylvania State Constable's Office, Cooke Township","Task Force Model"
PA,"Preston Township Constable's Office","Task Force Model"
PA,"Raccoon Township Police Department","Task Force Model"
PA,"Reynoldsville Borough Police Department","Task Force Model"
PA,"Salem Township Police Department","Task Force Model"
PA,"Sayre Borough Police Department","Task Force Model"
PA,"Schuylkill County Sheriff's Office","Task Force Model"
PA,"Schuylkill Haven Borough Police Department","Task Force Model"
PA,"Sewickley Township Constable's Office","Task Force Model"
PA,"Shamokin City Police Department","Task Force Model"
PA,"Shenandoah Borough Police Department","Task Force Model"
PA,"Shohola Township Constable's Office","Task Force Model"
PA,"Somerset County District Attorney's Office","Task Force Model"
PA,"South Lebanon Township Police Department","Task Force Model"
PA,"South Londonderry Township Police Department","Task Force Model"
PA,"Southhampton Twp. Cumberland City, Constables Office","Task Force Model"
PA,"Springdale Borough Police Department","Task Force Model"
PA,"Stowe Township Police Department","Task Force Model"
PA,"Susquehanna Regional Police Department","Task Force Model"
PA,"Troy Township PA State Constable","Task Force Model"
PA,"Union Township Police Department","Task Force Model"
PA,"Washington County Sheriff's Office","Task Force Model"
PA,"West Hazleton Borough Police Department","Task Force Model"
PA,"West York Borough Police Department","Task Force Model"
PA,"Westmoreland County Sheriff's Office","Jail Enforcement Model"
PA,"Wyoming County District Attorney's Office","Task Force Model"
PA,"York County Regional Police Department","Task Force Model"
SC,"Anderson County Sheriff's Office","Warrant Service Officer"
SC,"Batesburg-Leesville Police Department","Task Force Model"
SC,"Beaufort County Sheriff's Office","Task Force Model"
SC,"Berkeley County Sheriff's Office","Task Force Model; Warrant Service Officer"
SC,"Bowman Police Department","Task Force Model"
SC,"Charleston County Sheriff's Office","Warrant Service Officer"
SC,"Chester County Sheriff's Office","Task Force Model; Warrant Service Officer"
SC,"Clinton Police Department","Task Force Model"
SC,"Coward Police Department","Task Force Model"
SC,"Dorchester County Sheriff's Office","Warrant Service Officer"
SC,"Duncan Police Department","Task Force Model"
SC,"Elloree Police Department","Task Force Model"
SC,"Eutawville Police Department","Task Force Model"
SC,"Gaston Police Department","Task Force Model"
SC,"Georgetown County Sheriff's Office","Task Force Model; Warrant Service Officer"
SC,"Greenville County Sheriff's Office","Warrant Service Officer"
SC,"Harleyville Police Department","Task Force Model"
SC,"Holly Hill Police Department","Task Force Model"
SC,"Horry County Sheriff's Office","Jail Enforcement Model"
SC,"Jamestown Police Department","Task Force Model"
SC,"Jasper County Sheriff's Office","Task Force Model"
SC,"Kershaw County Sheriff's Office","Task Force Model"
SC,"Lancaster County Sheriff's Office","Warrant Service Officer"
SC,"Lexington County Sheriff's Department","Jail Enforcement Model"
SC,"McCormick County Sheriff's Office","Warrant Service Officer"
SC,"Newberry County Sheriff's Office","Warrant Service Officer"
SC,"North Police Department","Task Force Model"
SC,"Oconee County Sheriff's Office","Warrant Service Officer"
SC,"Olanta Police Department","Task Force Model"
SC,"Pelion Police Department","Task Force Model"
SC,"Perry Police Department","Task Force Model"
SC,"Pickens County Sheriff's Office","Task Force Model; Warrant Service Officer"
SC,"Pine Ridge Police Department","Task Force Model"
SC,"Ridge Spring Police Department","Task Force Model"
SC,"Ridgeway Police Department","Task Force Model"
SC,"Salley Police Department","Task Force Model"
SC,"Santee Police Department","Task Force Model"
SC,"Scranton Police Department","Task Force Model"
SC,"South Carolina Department of Public Safety","Task Force Model"
SC,"South Carolina Law Enforcement Division","Task Force Model"
SC,"Spartanburg County Sheriff's Office","Warrant Service Officer"
SC,"Union County Sheriff's Office","Task Force Model; Warrant Service Officer"
SC,"York County Sheriff's Office","Jail Enforcement Model"
SD,"Centerville Police Department","Task Force Model"
SD,"Hughes County Sheriff's Office","Warrant Service Officer"
SD,"Minnehaha County Sheriff's Office","Warrant Service Officer"
SD,"South Dakota Department of Corrections","Jail Enforcement Model; Warrant Service Officer"
SD,"South Dakota Division of Criminal Investigation","Task Force Model"
SD,"South Dakota Highway Patrol","Task Force Model"
SD,"Viborg Police Department","Task Force Model"
TN,"Bedford County Sheriff's Office","Warrant Service Officer"
TN,"Bradley County Constable District 1","Task Force Model"
TN,"Bradley County Constable District 6","Task Force Model"
TN,"Bradley County Constable District 7","Task Force Model"
TN,"Bradley County Sheriff's Office","Jail Enforcement Model; Warrant Service Officer"
TN,"Carter County Sheriff's Office","Warrant Service Officer"
TN,"Clay County Sheriff's Office","Warrant Service Officer"
TN,"Cocke County Sheriff's Office","Warrant Service Officer"
TN,"Coffee County Sheriff's Office","Warrant Service Officer"
TN,"Cumberland County Sheriff's Office","Warrant Service Officer"
TN,"Dekalb County Sheriff's Office","Warrant Service Officer"
TN,"Dickson County Sheriff's Office","Warrant Service Officer"
TN,"Dyer County Sheriff's Office","Warrant Service Officer"
TN,"Estill Springs Police Department","Task Force Model"
TN,"Franklin County Sheriff's Office","Jail Enforcement Model; Warrant Service Officer"
TN,"Giles County Sheriff's Office","Warrant Service Officer"
TN,"Grainger County Sheriff's Office","Warrant Service Officer"
TN,"Greenbrier Police Department","Task Force Model"
TN,"Greene County Sheriff’s Office","Jail Enforcement Model"
TN,"Grundy County Constable District 3","Task Force Model"
TN,"Grundy County Sheriff's Office","Warrant Service Officer"
TN,"Hamilton County Sheriff's Office","Jail Enforcement Model"
TN,"Hancock County Sheriff's Office","Warrant Service Officer"
TN,"Haywood County Sheriff's Office","Warrant Service Officer"
TN,"Hendersonville Police Department","Task Force Model"
TN,"Jefferson County Sheriff's Office","Warrant Service Officer"
TN,"Jellico Police Department","Task Force Model"
TN,"Knox County Sheriff’s Office","Jail Enforcement Model"
TN,"Lawrence County Sheriff's Office","Jail Enforcement Model; Task Force Model; Warrant Service Officer"
TN,"Lincoln County Sheriff's Office","Warrant Service Officer"
TN,"Macon County Sheriff's Office","Task Force Model; Warrant Service Officer"
TN,"Madison County Sheriff's Office","Task Force Model; Warrant Service Officer"
TN,"Marion County Sheriff's Office","Warrant Service Officer"
TN,"McMinn County Sheriff's Office","Warrant Service Officer"
TN,"Meigs County Sheriff's Office","Warrant Service Officer"
TN,"Metropolitan Moore County Sheriff's Office","Warrant Service Officer"
TN,"Monroe County Constable District 2","Task Force Model"
TN,"Monroe County Sheriff's Office","Jail Enforcement Model"
TN,"Montgomery County Sheriff's Office","Warrant Service Officer"
TN,"Morgan County Sheriff's Office","Jail Enforcement Model"
TN,"Mosheim Police Department","Task Force Model"
TN,"Obion County Sheriff's Office","Warrant Service Officer"
TN,"Overton County Sheriff's Office","Warrant Service Officer"
TN,"Polk County Constable District 2","Task Force Model"
TN,"Polk County Constable District 4","Task Force Model"
TN,"Polk County Sheriff's Office","Warrant Service Officer"
TN,"Putnam County Sheriff's Office","Jail Enforcement Model; Task Force Model"
TN,"Robertson County Sheriff's Office","Warrant Service Officer"
TN,"Rutherford County Sheriff's Office","Warrant Service Officer"
TN,"Sequatchie County Sheriff's Office","Warrant Service Officer"
TN,"Sevier County Constable District 5","Task Force Model"
TN,"Sevier County Sheriff's Office","Task Force Model; Warrant Service Officer"
TN,"Sevierville Police Department","Task Force Model"
TN,"Shelby County Sheriff's Office","Warrant Service Officer"
TN,"Sparta Police Department","Task Force Model"
TN,"Sullivan County Sheriff's Office","Task Force Model; Warrant Service Officer"
TN,"Sumner County Sheriff's Office","Warrant Service Officer"
TN,"Tennessee Department of Corrections","Jail Enforcement Model"
TN,"Tennessee Department of Safety and Homeland Security","Task Force Model"
TN,"Trousdale County Sheriff's Office","Warrant Service Officer"
TN,"Unicoi County Sheriff's Office","Warrant Service Officer"
TN,"Van Buren County Sheriff's Office","Warrant Service Officer"
TN,"Warren County Sheriff's Office","Warrant Service Officer"
TN,"Washington County Sheriff's Office","Warrant Service Officer"
TN,"Weakley County Sheriff's Office","Warrant Service Officer"
TN,"Wilson County Sheriff's Office","Warrant Service Officer"
TX,"Alice Police Department","Task Force Model"
TX,"Anderson County Sheriff's Office","Warrant Service Officer"
TX,"Andrews County Sheriff's Office","Warrant Service Officer"
TX,"Angelina County Sheriff's Office","Warrant Service Officer"
TX,"Aransas County Sheriff's Office","Jail Enforcement Model"
TX,"Archer County Sheriff's Office","Task Force Model; Warrant Service Officer"
TX,"Armstrong County Sheriff's Office","Task Force Model"
TX,"Arp Police Department","Task Force Model"
TX,"Atascosa County Sheriff's Office","Task Force Model"
TX,"Austin County Sheriff's Office","Warrant Service Officer"
TX,"Azle Police Department","Task Force Model"
TX,"Bailey County Sheriff's Office","Warrant Service Officer"
TX,"Balcones Heights Police Department","Task Force Model"
TX,"Ballinger Police Department","Task Force Model"
TX,"Bastrop County Sheriff's Office","Task Force Model; Warrant Service Officer"
TX,"Baylor County Sheriff's Office","Task Force Model"
TX,"Bayou Vista Police Department","Task Force Model"
TX,"Bee County Sheriff's Office","Task Force Model; Warrant Service Officer"
TX,"Beeville Police Department","Task Force Model"
TX,"Bell County Sheriff's Office","Warrant Service Officer"
TX,"Bertram Police Department","Task Force Model"
TX,"Bexar County Constable Precinct 3","Task Force Model"
TX,"Bexar County Sheriff's Office","Warrant Service Officer"
TX,"Big Sandy Police Departement","Task Force Model"
TX,"Blanco County Constable Precinct 4","Task Force Model"
TX,"Blanco County Sheriff's Office","Jail Enforcement Model"
TX,"Bonham Police Department","Task Force Model"
TX,"Borden County Sheriff's Office","Task Force Model"
TX,"Bosque County Sheriff's Office","Warrant Service Officer"
TX,"Bowie County Sheriff's Office","Warrant Service Officer"
TX,"Brazoria County Sheriff's Office","Warrant Service Officer"
TX,"Brazos County Sheriff's Office","Warrant Service Officer"
TX,"Brewster County Sheriff's Office","Warrant Service Officer"
TX,"Brooks County Sheriff's Office","Jail Enforcement Model; Task Force Model"
TX,"Brown County Sheriff's Office","Warrant Service Officer"
TX,"Bullard Police Department","Task Force Model"
TX,"Burleson County Sheriff's Office","Warrant Service Officer"
TX,"Burnet County Sheriff's Office","Warrant Service Officer"
TX,"Caldwell County Constable Precinct 2","Task Force Model"
TX,"Caldwell County Sheriff's Office","Task Force Model; Warrant Service Officer"
TX,"Calhoun County Sheriff's Office","Task Force Model; Warrant Service Officer"
TX,"Calhoun County Sheriff’s Office","Jail Enforcement Model"
TX,"Callahan County Sheriff's Office","Task Force Model; Warrant Service Officer"
TX,"Cameron County Sheriff's Office","Warrant Service Officer"
TX,"Carson County Sheriff's Office","Warrant Service Officer"
TX,"Cass County Sheriff's Office","Jail Enforcement Model; Task Force Model"
TX,"Castro County Sheriff's Office","Warrant Service Officer"
TX,"Chambers County Sheriff’s Office","Jail Enforcement Model"
TX,"Cherokee County Sheriff's Office","Task Force Model"
TX,"Childress County Sheriff's Office","Warrant Service Officer"
TX,"China Grove Police Department","Task Force Model"
TX,"Cisco Police Department","Task Force Model"
TX,"Clay County Sheriff's Office","Task Force Model; Warrant Service Officer"
TX,"Clifton Police Department","Task Force Model"
TX,"Coke County Sheriff's Office","Task Force Model"
TX,"Collin County Sheriff's Office","Jail Enforcement Model"
TX,"Colorado County Sheriff's Office","Jail Enforcement Model; Warrant Service Officer"
TX,"Comal County Sheriff's Office","Warrant Service Officer"
TX,"Comanche County Sheriff's Office","Warrant Service Officer"
TX,"Comanche Police Department","Task Force Model"
TX,"Commerce Police Department","Task Force Model"
TX,"Cooke County Sheriff's Office","Warrant Service Officer"
TX,"Corrigan Police Department","Task Force Model"
TX,"Coryell County Sheriff's Office","Task Force Model"
TX,"Crosby County Sheriff's Office","Warrant Service Officer"
TX,"Cuero Police Department","Task Force Model"
TX,"Cumby Police Department","Task Force Model"
TX,"Cut "N" Shoot Police Department","Task Force Model"
TX,"Dallam County Sheriff's Office","Task Force Model; Warrant Service Officer"
TX,"DeWitt County Sheriff’s Office","Jail Enforcement Model; Warrant Service Officer"
TX,"Deaf Smith County Sheriff's Office","Warrant Service Officer"
TX,"Delta County Constable Precinct 5","Task Force Model"
TX,"Delta County Sheriff's Office","Task Force Model"
TX,"Denton County Sheriff's Office","Jail Enforcement Model; Task Force Model"
TX,"Devine Police Department","Task Force Model"
TX,"Dickens County Sheriff's Office","Warrant Service Officer"
TX,"Dimmit County Sheriff's Office","Jail Enforcement Model; Task Force Model; Warrant Service Officer"
TX,"Dublin Police Department","Task Force Model"
TX,"East Mountain Police Department","Task Force Model"
TX,"Eastland County Sheriff's Office","Task Force Model; Warrant Service Officer"
TX,"Ector County Sheriff's Office","Warrant Service Officer"
TX,"Edna Police Department","Task Force Model"
TX,"Edwards County Sheriff's Office","Task Force Model"
TX,"Ellis County Sheriff's Office","Jail Enforcement Model"
TX,"Erath County Sheriff's Office","Jail Enforcement Model; Task Force Model"
TX,"Falfurrias Police Department","Task Force Model"
TX,"Falls County Sheriff's Office","Task Force Model"
TX,"Fannin County Constable Precinct 3","Task Force Model"
TX,"Fannin County Criminal District Attorney's Office","Task Force Model"
TX,"Fannin County Sheriff's Office","Task Force Model"
TX,"Fayette County Sheriff's Office","Task Force Model; Warrant Service Officer"
TX,"Fort Bend County Sheriff's Office","Jail Enforcement Model; Warrant Service Officer"
TX,"Franklin County Sheriff's Office","Jail Enforcement Model; Task Force Model"
TX,"Freer Police Department","Task Force Model"
TX,"Freestone County Constable Precinct 2","Task Force Model"
TX,"Freestone County Constable Precinct 3","Task Force Model"
TX,"Frio County Sheriff's Office","Jail Enforcement Model; Task Force Model; Warrant Service Officer"
TX,"Gaines County Sheriff's Office","Warrant Service Officer"
TX,"Galveston County Constable Precinct 2","Task Force Model"
TX,"Galveston County Constable's Office Pct.1","Task Force Model"
TX,"Galveston County Constable's Office Pct.4","Task Force Model"
TX,"Galveston County Sheriff's Office","Task Force Model; Warrant Service Officer"
TX,"Galveston County Sheriff’s Office","Jail Enforcement Model"
TX,"Garza County Sheriff's Office","Warrant Service Officer"
TX,"Gillespie County Sheriff's Office","Task Force Model"
TX,"Goliad County Sheriff's Office","Task Force Model; Warrant Service Officer"
TX,"Goliad County Sheriff’s Office","Jail Enforcement Model"
TX,"Gonzales County Sheriff's Office","Jail Enforcement Model; Task Force Model; Warrant Service Officer"
TX,"Granite Shoals Police Department","Task Force Model"
TX,"Gray County Sheriff's Office","Warrant Service Officer"
TX,"Grayson County Sheriff's Office","Warrant Service Officer"
TX,"Grayson County Sheriff’s Office","Jail Enforcement Model"
TX,"Gregg County Sheriff's Office","Jail Enforcement Model; Task Force Model"
TX,"Grimes County Sheriff's Office","Warrant Service Officer"
TX,"Guadalupe County Constable Precinct 1","Task Force Model"
TX,"Guadalupe County Constable Precinct 4","Task Force Model"
TX,"Guadalupe County Sheriff's Office","Jail Enforcement Model"
TX,"Hale County Sheriff's Office","Warrant Service Officer"
TX,"Hallettsville Police Department","Task Force Model"
TX,"Hamilton County Sheriff's Office","Task Force Model"
TX,"Hardeman County Sheriff's Office","Warrant Service Officer"
TX,"Harrison County Sheriff's Office","Task Force Model; Warrant Service Officer"
TX,"Hartley County Sheriff's Office","Task Force Model"
TX,"Haskell Police Department","Task Force Model"
TX,"Hemphill County Sheriff's Office","Warrant Service Officer"
TX,"Henderson County Sheriff's Office","Warrant Service Officer"
TX,"Hidalgo County Sheriff's Office","Warrant Service Officer"
TX,"Hill County Sheriff's Office","Warrant Service Officer"
TX,"Hockley County Sheriff's Office","Warrant Service Officer"
TX,"Holland Police Department","Task Force Model"
TX,"Hollywood Park Police Department","Task Force Model"
TX,"Hood County Sheriff's Office","Task Force Model; Warrant Service Officer"
TX,"Hopkins County Sheriff's Office","Task Force Model; Warrant Service Officer"
TX,"Houston County Sheriff's Office","Warrant Service Officer"
TX,"Howard County Sheriff's Office","Warrant Service Officer"
TX,"Hughes Springs Police Department","Task Force Model"
TX,"Huntington Police Department","Task Force Model"
TX,"Hutchinson County Sheriff's Office","Warrant Service Officer"
TX,"Ingram Police Department","Task Force Model"
TX,"Jack County Sheriff's Office","Task Force Model; Warrant Service Officer"
TX,"Jackson County Sheriff's Office","Jail Enforcement Model; Task Force Model; Warrant Service Officer"
TX,"Jasper County Sheriff's Office","Warrant Service Officer"
TX,"Jefferson County Sheriff's Office","Task Force Model; Warrant Service Officer"
TX,"Jefferson Police Department","Task Force Model"
TX,"Jim Wells County Sheriff's Office","Jail Enforcement Model; Task Force Model; Warrant Service Officer"
TX,"Johnson County District Attorney's Office","Task Force Model"
TX,"Johnson County Sheriff's Office","Jail Enforcement Model"
TX,"Karnes County Sheriff's Office","Warrant Service Officer"
TX,"Kaufman County Sheriff's Office","Jail Enforcement Model"
TX,"Keller Police Department","Warrant Service Officer"
TX,"Kendall County Sheriff's Office","Warrant Service Officer"
TX,"Kenedy County Sheriff's Office","Task Force Model"
TX,"Kerr County Sheriff's Office","Jail Enforcement Model; Task Force Model; Warrant Service Officer"
TX,"Kingsville Police Department","Task Force Model"
TX,"Kinney County Constable's Office","Task Force Model"
TX,"Kinney County Sheriff's Office","Task Force Model"
TX,"Kleberg County Attorney's Specialized Crimes & Narcotics Task Force","Task Force Model"
TX,"Kleberg County Sheriff's Office","Jail Enforcement Model; Task Force Model"
TX,"Knox County Sheriff's Office","Warrant Service Officer"
TX,"La Vernia Police Department","Task Force Model"
TX,"Lamar County Sheriff's Office","Warrant Service Officer"
TX,"Lamb County Sheriff's Office","Warrant Service Officer"
TX,"Lampasas County Sheriff's Office","Task Force Model; Warrant Service Officer"
TX,"Lavaca County Constable Precinct 2","Task Force Model"
TX,"Lavaca County Sheriff's Office","Warrant Service Officer"
TX,"Lavaca County Sheriff’s Office","Jail Enforcement Model; Task Force Model"
TX,"League City Police Department","Task Force Model; Warrant Service Officer"
TX,"Lee County Sheriff's Office","Warrant Service Officer"
TX,"Leonard Police Department","Task Force Model"
TX,"Liberty County Constable Precinct 2","Task Force Model"
TX,"Liberty County Constable Precinct 6","Task Force Model"
TX,"Liberty County Sheriff's Office","Warrant Service Officer"
TX,"Limestone County Sheriff's Office","Warrant Service Officer"
TX,"Lipscomb County Sheriff's Office","Warrant Service Officer"
TX,"Live Oak County Sheriff's Office","Task Force Model; Warrant Service Officer"
TX,"Lone Star Police Department","Task Force Model"
TX,"Lubbock County Sheriff's Office","Jail Enforcement Model"
TX,"Lynn County Sheriff's Office","Warrant Service Officer"
TX,"Madison County Sheriff's Office","Warrant Service Officer"
TX,"Marion County Sheriff's Office","Task Force Model"
TX,"Marion Police Department","Task Force Model"
TX,"Marlin Police Department","Task Force Model"
TX,"Matagorda County Sheriff's Office","Jail Enforcement Model"
TX,"McLennan County Sheriff's Office","Task Force Model"
TX,"McMullen County Sheriff's Office","Task Force Model"
TX,"Medina County Sheriff's Office","Task Force Model"
TX,"Menard County Sheriff's Office","Task Force Model; Warrant Service Officer"
TX,"Midland County Sheriff's Office","Warrant Service Officer"
TX,"Milam County Sheriff's Office","Task Force Model; Warrant Service Officer"
TX,"Mills County Sheriff's Office","Warrant Service Officer"
TX,"Montague County Sheriff's Office","Warrant Service Officer"
TX,"Montgomery County Sheriff’s Office","Jail Enforcement Model"
TX,"Moore County Sheriff's Office","Warrant Service Officer"
TX,"Morris County Sheriff's Office","Jail Enforcement Model; Task Force Model"
TX,"Motley County Sheriff's Office","Task Force Model"
TX,"Moulton Police Department","Task Force Model"
TX,"Mustang Ridge Police Department","Task Force Model"
TX,"Nacogdoches County Sheriff's Office","Task Force Model; Warrant Service Officer"
TX,"Neuces County Constable Precinct 5","Task Force Model"
TX,"New Berlin Marshal's Office","Task Force Model"
TX,"Newton County Sheriff's Office","Warrant Service Officer"
TX,"Nixon Police Department","Task Force Model"
TX,"Nolan County Sheriff's Office","Warrant Service Officer"
TX,"Nueces County Constable Precinct 3","Task Force Model"
TX,"Nueces County Constable Precinct 4","Task Force Model"
TX,"Nueces County Sheriff's Office","Jail Enforcement Model"
TX,"Ochiltree County Sheriff's Office","Warrant Service Officer"
TX,"Oldham County Sheriff's Office","Task Force Model; Warrant Service Officer"
TX,"Orange County Sheriff's Office","Warrant Service Officer"
TX,"Orange Grove Police Department","Task Force Model"
TX,"Overton Police Department","Task Force Model"
TX,"Palo Pinto County Sheriff's Office","Warrant Service Officer"
TX,"Panola County Sheriff's Office","Task Force Model; Warrant Service Officer"
TX,"Pantego Police Department","Task Force Model"
TX,"Paris Police Department","Task Force Model"
TX,"Parker County (County) Attorney's Office","Task Force Model"
TX,"Parker County District Attorney's Office","Task Force Model"
TX,"Parker County Sheriff's Office","Task Force Model; Warrant Service Officer"
TX,"Parmer County Sheriff's Office","Warrant Service Officer"
TX,"Pecos County Sheriff's Office","Warrant Service Officer"
TX,"Pinehurst Police Department","Task Force Model"
TX,"Point Comfort Police Department","Task Force Model"
TX,"Polk County Sheriff's Office","Warrant Service Officer"
TX,"Potter County Sheriff's Office","Jail Enforcement Model"
TX,"Rains County Sheriff's Office","Warrant Service Officer"
TX,"Randall County Sheriff's Office","Jail Enforcement Model; Warrant Service Officer"
TX,"Reagan County Sheriff's Office","Warrant Service Officer"
TX,"Real County Sheriff's Office","Warrant Service Officer"
TX,"Red River County Sheriff's Office","Task Force Model"
TX,"Refugio County Sheriff’s Office","Jail Enforcement Model; Task Force Model; Warrant Service Officer"
TX,"Refugio Police Department","Task Force Model"
TX,"Robertson County Sheriff's Office","Jail Enforcement Model; Task Force Model"
TX,"Robstown Police Department","Task Force Model"
TX,"Rockwall County Sheriff's Office","Jail Enforcement Model; Task Force Model; Warrant Service Officer"
TX,"Roma Police Department","Task Force Model"
TX,"Rusk County Sheriff's Office","Task Force Model; Warrant Service Officer"
TX,"Sabine County Sheriff's Office","Task Force Model; Warrant Service Officer"
TX,"Saint Hedwig Marshal's Office","Task Force Model"
TX,"San Augustine County Sheriff's Office","Task Force Model"
TX,"San Jacinto County Sheriff's Office","Task Force Model; Warrant Service Officer"
TX,"San Patricio County Sheriff’s Office","Jail Enforcement Model"
TX,"San Saba County Sheriff's Office","Task Force Model"
TX,"Santa Anna Police Department","Task Force Model"
TX,"Santa Fe Police Department","Task Force Model"
TX,"Schleicher County Sheriff's Office","Warrant Service Officer"
TX,"Scurry County Sheriff's Office","Warrant Service Officer"
TX,"Shackelford County Sheriff's Office","Warrant Service Officer"
TX,"Shelby County Sheriff's Office","Warrant Service Officer"
TX,"Sherman County Sheriff's Office","Warrant Service Officer"
TX,"Shiner Police Department","Task Force Model"
TX,"Smiley City Marshal's Office","Task Force Model"
TX,"Smith County Constable Precinct 4","Task Force Model"
TX,"Smith County Sheriff’s Office","Jail Enforcement Model; Task Force Model"
TX,"Somervell County Sheriff's Office","Warrant Service Officer"
TX,"Southside Place Police Department","Task Force Model"
TX,"Splendora Police Department","Task Force Model"
TX,"Stamford Police Department","Task Force Model"
TX,"Stephens County Sheriff's Office","Warrant Service Officer"
TX,"Stephenville Police Department","Task Force Model"
TX,"Sterling County Sheriff's Office","Task Force Model"
TX,"Stockdale Marshal's Office","Task Force Model"
TX,"Sulphur Springs Police Department","Task Force Model"
TX,"Sutton County Sheriff's Office","Task Force Model; Warrant Service Officer"
TX,"Swisher County Sheriff's Office","Warrant Service Officer"
TX,"Taft Police Department","Task Force Model"
TX,"Tarrant County Sheriff’s Office","Jail Enforcement Model"
TX,"Taylor County Sheriff's Office","Warrant Service Officer"
TX,"Tenaha Police Department","Task Force Model"
TX,"Terrell County Sheriff's Office","Jail Enforcement Model; Task Force Model; Warrant Service Officer"
TX,"Terry County Sheriff's Office","Warrant Service Officer"
TX,"Texas Department of Public Safety - Texas Highway Patrol","Task Force Model"
TX,"Texas Department of Public Safety- Criminal Investigations Division","Task Force Model"
TX,"Texas National Guard","Task Force Model"
TX,"Texas Office of the Attorney General","Task Force Model"
TX,"Titus County Sheriff's Office","Task Force Model; Warrant Service Officer"
TX,"Tom Green County Sheriff's Office","Warrant Service Officer"
TX,"Trinity County Sheriff's Office","Task Force Model; Warrant Service Officer"
TX,"Troup Police Department","Task Force Model"
TX,"Tye Police Department","Task Force Model"
TX,"Tyler County Sheriff's Office","Warrant Service Officer"
TX,"Upshur County Constable Precinct 1","Task Force Model"
TX,"Upshur County Sheriff's Office","Task Force Model"
TX,"Upton County Sheriff's Office","Warrant Service Officer"
TX,"Uvalde County Sheriff's Office","Jail Enforcement Model"
TX,"Val Verde County Sheriff's Office","Warrant Service Officer"
TX,"Victoria County Sheriff’s Office","Jail Enforcement Model; Task Force Model; Warrant Service Officer"
TX,"Walker County Constable Pct 3","Task Force Model"
TX,"Walker County Sheriff's Office","Warrant Service Officer"
TX,"Walker County Sheriff’s Department","Jail Enforcement Model"
TX,"Waller County Sheriff’s Office","Warrant Service Officer"
TX,"Washington County Sheriff's Office","Warrant Service Officer"
TX,"Webb County Sheriff's Office","Jail Enforcement Model"
TX,"Wharton County Sheriff's Office","Warrant Service Officer"
TX,"Wharton County Sheriff’s Office","Jail Enforcement Model"
TX,"Wheeler County Sheriff's Office","Warrant Service Officer"
TX,"Wichita County Sheriff's Office","Task Force Model; Warrant Service Officer"
TX,"Wilbarger County Sheriff's Office","Task Force Model; Warrant Service Officer"
TX,"Williamson County Sheriff's Office","Warrant Service Officer"
TX,"Wilson County Sheriff's Office","Task Force Model"
TX,"Winkler County Sheriff's Office","Jail Enforcement Model; Task Force Model; Warrant Service Officer"
TX,"Winnsboro Police Department","Task Force Model"
TX,"Wise County Sheriff's Office","Task Force Model; Warrant Service Officer"
TX,"Wortham Police Department","Task Force Model"
TX,"Yoakum County Sheriff's Office","Warrant Service Officer"
TX,"Yoakum Police Department","Task Force Model"
TX,"Young County Sheriff's Office","Task Force Model"
TX,"Zapata County Sheriff's Office","Jail Enforcement Model; Task Force Model"
UT,"Beaver County Sheriff's Office","Warrant Service Officer"
UT,"Cache County Sheriff's Office","Warrant Service Officer"
UT,"Kane County Sheriff's Office","Warrant Service Officer"
UT,"Riverton Police Department","Task Force Model"
UT,"Sanpete County Sheriff's Office","Warrant Service Officer"
UT,"Sevier County Sheriff's Office","Jail Enforcement Model; Warrant Service Officer"
UT,"Tooele County Sheriff's Office","Task Force Model; Warrant Service Officer"
UT,"Utah County Sheriff's Office","Task Force Model; Warrant Service Officer"
UT,"Utah Department of Corrections","Warrant Service Officer"
UT,"Wasatch County Sheriff's Office","Warrant Service Officer"
UT,"Washington County Sheriff's Office","Jail Enforcement Model; Task Force Model"
UT,"Weber County Sheriff's Office","Task Force Model"
VA,"Alleghany County Sheriff's Office","Warrant Service Officer"
VA,"Amherst County Sheriff's Office","Task Force Model"
VA,"Appomattox County Sheriff's Office","Task Force Model"
VA,"Bedford County Sheriff's Office","Task Force Model"
VA,"Buchanan County Sheriff's Office","Task Force Model"
VA,"Buckingham County Sheriff's Office","Task Force Model"
VA,"Campbell County Sheriff's Office","Task Force Model"
VA,"Craig County Sheriff's Office","Task Force Model"
VA,"Franklin County Sheriff's Office","Task Force Model"
VA,"Frederick County Sheriff's Office","Task Force Model"
VA,"Grayson County Sheriff's Office","Task Force Model"
VA,"Greene County Sheriff's Office","Task Force Model"
VA,"Hopewell County Sheriff's Office","Task Force Model"
VA,"Loudoun County Sheriff's Office","Warrant Service Officer"
VA,"Mecklenburg County Sheriff's Office","Task Force Model"
VA,"Page County Sheriff's Office","Task Force Model"
VA,"Pittsylvania County Sheriff's Office","Jail Enforcement Model; Task Force Model; Warrant Service Officer"
VA,"Rappahannock, Shenandoah, Warren Regional Jail Authority","Warrant Service Officer"
VA,"Richmond County Sheriff's Office","Task Force Model"
VA,"Scott County Sheriff's Office","Task Force Model"
VA,"Shenandoah County Sheriff's Office","Task Force Model"
VA,"Smyth County Sheriff's Office","Task Force Model"
VA,"Southwest Virginia Regional Jail Authority","Warrant Service Officer"
VA,"Tazewell County Sheriff's Office","Task Force Model"
VA,"Washington County Sheriff's Office","Task Force Model"
VA,"Wise County Sheriff's Office","Task Force Model"
WI,"Brown County Sheriff's Office","Warrant Service Officer"
WI,"Calumet County Sheriff's Office","Warrant Service Officer"
WI,"Dunn County Sheriff's Office","Warrant Service Officer"
WI,"Fond du Lac County Sheriff's Office","Warrant Service Officer"
WI,"Green Lake County Sheriff's Office","Warrant Service Officer"
WI,"Kenosha County Sheriff's Office","Jail Enforcement Model"
WI,"Kewaunee County Sheriff's Office","Jail Enforcement Model; Warrant Service Officer"
WI,"Langlade County Sheriff's Office","Warrant Service Officer"
WI,"Manitowoc County Sheriff's Office","Warrant Service Officer"
WI,"Marathon County Sheriff's Office","Jail Enforcement Model"
WI,"Marquette County Sheriff's Office","Warrant Service Officer"
WI,"Outagamie County Sheriff's Office","Warrant Service Officer"
WI,"Sauk County Sheriff's Office","Jail Enforcement Model; Warrant Service Officer"
WI,"Sheboygan County Sheriff's Office","Warrant Service Officer"
WI,"Walworth County Sheriff's Office","Warrant Service Officer"
WI,"Washington County Sheriff's Office","Warrant Service Officer"
WI,"Waukesha County Sheriff's Department","Jail Enforcement Model"
WI,"Waukesha County Sheriff's Office","Warrant Service Officer"
WI,"Waushara County Sheriff's Office","Warrant Service Officer"
WI,"Winnebago County Sheriff's Office","Warrant Service Officer"
WI,"Wood County Sheriff's Office","Warrant Service Officer"
WV,"Ansted Police Department","Task Force Model"
WV,"Berkeley County Sheriff's Office","Task Force Model"
WV,"Cabell County Sheriff's Office","Task Force Model"
WV,"Clay County Sheriff's Office","Task Force Model"
WV,"Doddridge County Sheriff's Office","Task Force Model"
WV,"Fayette County Sheriff's Office","Task Force Model"
WV,"Fayetteville Police Department","Task Force Model"
WV,"Fort Gay Police Department","Task Force Model"
WV,"Hampshire County Sheriff's Office","Task Force Model"
WV,"Hardy County Sheriff's Office","Task Force Model"
WV,"Harrison County Sheriff's Office","Task Force Model"
WV,"Hinton Police Department","Task Force Model"
WV,"Hurricane Police Department","Task Force Model"
WV,"Jefferson County Sheriff's Office","Task Force Model"
WV,"Kenova Police Department","Task Force Model"
WV,"Lewis County Sheriff's Office","Task Force Model"
WV,"McDowell County Sheriff's Office","Task Force Model"
WV,"Mineral County Sheriff's Office","Task Force Model"
WV,"Montgomery Police Department","Task Force Model"
WV,"Moorefield Police Department","Task Force Model"
WV,"Morgan County Sheriff's Office","Task Force Model"
WV,"Nicholas County Sheriff's Office","Task Force Model"
WV,"Oak Hill Police Department","Task Force Model"
WV,"Paw Paw Police Department","Task Force Model"
WV,"Pleasants County Sheriff's Office","Task Force Model"
WV,"Putnam County Sheriff's Office","Task Force Model"
WV,"Richwood Police Department","Task Force Model"
WV,"Shinnston Police Department","Task Force Model"
WV,"Summersville Police Department","Task Force Model"
WV,"Upshur County Sheriff's Office","Task Force Model"
WV,"Village of Clearview Police Department","Task Force Model"
WV,"West Virginia Division of Corrections and Rehabilitation","Warrant Service Officer"
WV,"West Virginia National Guard","Task Force Model"
WV,"West Virginia State Police Department","Task Force Model"
WV,"White Sulphur Springs Police Department","Task Force Model"
WV,"Wood County Sheriff's Office","Task Force Model"
WY,"Campbell County Sheriff's Office","Warrant Service Officer"
WY,"Carbon County Sheriff's Office","Warrant Service Officer"
WY,"Crook County Sheriff's Office","Task Force Model; Warrant Service Officer"
WY,"Laramie County Sheriff’s Office","Jail Enforcement Model; Task Force Model; Warrant Service Officer"
WY,"Lincoln County Sheriff's Office","Warrant Service Officer"
WY,"Moorcroft Police Department","Task Force Model"
WY,"Natrona County Sheriff's Office","Task Force Model"
WY,"Pine Bluffs Police Department","Task Force Model"
WY,"Shoshoni Police Department","Task Force Model"
WY,"Sweetwater County Sheriff's Office","Jail Enforcement Model; Task Force Model; Warrant Service Officer"
WY,"Wheatland Police Department","Task Force Model"
WY,"Wyoming State Highway Patrol","Task Force Model"
