Organization Name,Networks Shared With Me,Networks I'm Sharing,287(g) Participant,Matched 287(g) Agency Name,Confidence (1-10)
Lake City FL PD,"Lake City FL PD,Lake City FL PD Raven",South Portland ME PD,Yes,Lake City Police Department,10.0
LaFayette County FL SO,"Lafayette County FL SO (Flex),LaFayette County FL SO",,Yes,Lafayette County Sheriff's Office,10.0
Altoona IA PD,,South Portland ME PD,No,,10.0
Shelby County TN SO,,South Portland ME PD,Yes,Shelby County Sheriff's Office,10.0
South Kingstown RI PD,,South Portland ME PD,No,,5.0
Mattapoisett MA PD,,South Portland ME PD,No,,10.0
Taunton MA PD,Taunton MA PD,,No,,10.0
New Canaan CT PD,"New Canaan CT PD (Flex),New Canaan CT PD",South Portland ME PD,No,,5.0
Wareham MA PD,Wareham MA PD,,No,,10.0
Bedminster Twp NJ PD,Bedminster Twp NJ PD,,No,,5.0
Buffalo State University NY PD,Buffalo State University NY PD,,No,,10.0
Broward County FL SO,"City of Tamarac (FL),City of Deerfield Beach,Broward County FL SO",,Yes,Broward County Sheriff's Office,10.0
Lakeland FL PD,"Lakeland FL PD (Flex),Lakeland FL PD",South Portland ME PD,Yes,Lakeland Police Department,10.0
Fish and Wildlife Commission FL PD,"FL - Florida Fish & Wildlife Wing,Fish and Wildlife Commission FL PD",South Portland ME PD,No,,9.0
Crawford Town NY PD,Crawford Town NY PD,South Portland ME PD,No,,8.0
Hyde Park NY PD,"Hyde Park NY PD,Hyde Park NY PD (Flex)",,No,,9.0
Guilderland NY PD,Guilderland NY PD,,No,,10.0
Geddes Town NY PD,Geddes Town NY PD,,No,,10.0
Defuniak Springs FL PD,Defuniak Springs FL PD,,No,,8.0
Largo FL PD,Largo FL PD,,Yes,Largo Police Department,10.0
Franklin County PA SO,"Franklin County PA SO (Flex),Franklin County PA SO",South Portland ME PD,Yes,Franklin County Sheriffs Office,10.0
Santa Rosa County FL SO,Santa Rosa County FL SO,South Portland ME PD,Yes,Santa Rosa County Sheriff's Office,10.0
Broome CO NY SO,Broome CO NY SO (Flex),,No,,10.0
Bristol CT PD,Bristol CT PD,South Portland ME PD,No,,5.0
Miami-Dade FL SO,"Miami-Dade FL SO - NPF LPR Study,Miami Dade FL SO Flex Network,Miami-Dade FL SO (Flex),Miami-Dade FL SO",South Portland ME PD,Yes,Miami-Dade Sheriff's Office,10.0
Walton County FL SO,Walton County FL SO,South Portland ME PD,Yes,Walton County Sheriff's Office,10.0
Bethlehem PA PD,"Bethlehem PA PD,Bethlehem PA PD (Wing),Bethlehem PA PD (Flex)",,No,,8.0
Fernandina Beach FL PD,Fernandina Beach FL PD,,No,,7.0
Lynbrook Village NY PD,Lynbrook Village NY PD,South Portland ME PD,No,,7.0
Inc Village of Lake Success NY,Inc Village of Lake Success NY,,No,,10.0
Green Island NY PD,Green Island NY PD,,No,,10.0
North Kingstown RI PD,North Kingstown RI PD,South Portland ME PD,No,,5.0
Riviera Beach FL PD,Riviera Beach FL PD,,Yes,Riviera Beach Police Department,10.0
Apopka FL PD,Apopka FL PD,,Yes,Apopka Police Department,10.0
Brookville NY PD,Brookville NY PD,South Portland ME PD,No,,9.0
Lackawanna City NY PD,Lackawanna City NY PD,,No,,8.0
Fort Worth TX PD,"Fort Worth TX PD,Fort Worth TX PD PID #11 Stockyards,Fort Worth TX PD - PID 7 Heritage,Fort Worth Code Compliance,Fort Worth TX PD Wing LPR Cameras (Q1700),East Lancaster PID,Sun Valley PID,Fort Worth TX PD - Wing LVT,Fort Worth TX PD - Las Vegas Trail,Fort Worth TX PD - Milestone Live PTZ",South Portland ME PD,No,,7.0
Leon County FL SO,Leon County FL SO,,Yes,Leon County Sheriff's Office,10.0
Hopkinton MA PD,Hopkinton MA PD,,No,,10.0
CSX Railroad PD,CSX Railroad TN PD,South Portland ME PD,No,,5.0
Coral Springs FL PD,Coral Springs FL PD,,No,,7.0
Elmira City NY PD,Elmira City NY PD,,No,,8.0
Davenport FL PD,Davenport FL PD,,Yes,Davenport Police Department,10.0
Margate FL PD,Margate FL PD,,No,,7.0
Muttontown NY PD,Muttontown NY PD,,No,,9.0
Vernon CT PD,Vernon CT PD,South Portland ME PD,No,,5.0
Raritan Twp NJ PD,Raritan Twp NJ PD,,No,,5.0
Lehigh County PA (RIIC),Lehigh County PA (RIIC),South Portland ME PD,No,,10.0
Martin County FL SO,Martin County FL SO,,Yes,Martin County Sheriff's Office,10.0
Somerset MA PD,Somerset MA PD,South Portland ME PD,No,,10.0
East Providence RI PD,East Providence RI PD,South Portland ME PD,No,,5.0
Brevard County FL SO,Brevard County FL SO,South Portland ME PD,Yes,Brevard County Sheriff's Office,10.0
Florida City FL PD,Florida City FL PD,,No,,7.0
Fall River MA PD,Fall River MA PD,South Portland ME PD,No,,10.0
Onondaga County NY SO,Onondaga County NY SO,South Portland ME PD,No,,7.0
West Seneca NY PD,"West Seneca NY PD,West Seneca NY PD (Flex)",,No,,10.0
Franklin MA PD,Franklin MA PD,South Portland ME PD,No,,10.0
Tarpon Springs FL PD,"Tarpon Springs FL PD (Flex),Tarpon Springs PD - Wing,Tarpon Springs FL PD",South Portland ME PD,Yes,Tarpon Springs Police Department,10.0
Milton MA PD,Milton MA PD,,No,,10.0
Clay County FL SO,Clay County FL SO (Condor),,Yes,Clay County Sheriff's Office,10.0
Lynn Haven FL PD,Lynn Haven FL PD,,Yes,Lynn Haven Police Department,10.0
Pasco County FL SO,Pasco County FL SO,,Yes,Pasco County Sheriff's Office,10.0
Holmes County FL SO,Holmes County FL SO,,Yes,Holmes County Sheriff's Office,10.0
Revere MA PD,"Revere MA PD,The Squire (MA)",,No,,10.0
Wappingers Falls Village NY PD,Wappingers Falls Village NY PD,,No,,9.0
Butler Township PA PD,Butler Township PA PD,South Portland ME PD,Yes,Butler Township Police Department,10.0
Windsor Locks CT PD,Windsor Locks CT PD,South Portland ME PD,No,,5.0
Homer Village NY PD,"Homer Village NY PD,Homer Village NY PD (Flex)",South Portland ME PD,No,,7.0
Hamburg Town NY PD,"Hamburg Town NY PD,Hamburg Town NY PD (Flex)",South Portland ME PD,No,,10.0
Marlborough Town NY PD,Marlborough Town NY PD,,No,,10.0
Cheektowaga Town NY PD,Cheektowaga Town NY PD,,No,,10.0
Jacksonville FL SO,"Jacksonville FL SO,Jacksonville FL SO (Flex),Jacksonville FL SO (LR)",,Yes,Jacksonville Sheriff's Office,10.0
Bay County FL SO,Bay County FL SO,,Yes,Bay County Sheriff's Office,10.0
Raynham MA PD,Raynham MA PD,,No,,10.0
Gainesville FL PD,Gainesville FL PD,,No,,7.0
Allentown PA PD,Allentown PA PD,South Portland ME PD,No,,8.0
SUNY-Onondaga Community College Campus NY PD,SUNY-Onondaga Community College Campus NY PD,South Portland ME PD,No,,10.0
Neptune Beach FL PD,Neptune Beach FL PD,,Yes,Neptune Beach Police Department,10.0
Hazleton PA PD,Hazleton PA PD,South Portland ME PD,Yes,Hazleton Police Department,10.0
Cocoa FL PD,Cocoa FL PD,,Yes,Cocoa Police Department,10.0
Orleans County NY SO,Orleans County NY SO,,No,,7.0
Old Westbury Village NY PD,Old Westbury Village NY PD,South Portland ME PD,No,,8.0
Glades County FL SO,"Glades County FL SO (Flex),Glades County FL SO",,Yes,Glades County Sheriff's Office,10.0
Utica City NY PD,Utica City NY PD,,No,,9.0
Fishkill Town NY PD,Fishkill Town NY PD,South Portland ME PD,No,,10.0
St. Johns County FL SO,"St. Johns County FL SO (LR),St. Johns County FL SO",,Yes,St. Johns County Sheriff's Office,9.0
Grafton MA PD,Grafton MA PD,South Portland ME PD,No,,10.0
Florida Atlantic University FL PD,Florida Atlantic University (FL),,No,,7.0
Southern Regl PA PD,Southern Regl PA PD,South Portland ME PD,No,,8.0
Columbia County FL SO,Columbia County FL SO,South Portland ME PD,Yes,Columbia County Sheriff's Office,10.0
SUNY Old Westbury NY PD,Suny Old Westbury NY PD,South Portland ME PD,No,,10.0
Cohoes NY PD,Cohoes City NY PD,,No,,7.0
Albany City NY PD,"Albany City NY PD (Flex),Albany City NY PD",,No,,8.0
Palm Beach County FL SO,Palm Beach County FL SO,South Portland ME PD,Yes,Palm Beach County Sheriff's Office,10.0
Suwannee County FL SO,Suwanee County FL SO,,Yes,Suwannee County Sheriff's Office,10.0
Titusville FL PD,Titusville FL PD,,Yes,Titusville Police Department,10.0
Quincy MA PD,Quincy MA PD,South Portland ME PD,No,,10.0
Indian River Shores FL PD,Indian River Shores FL PD,,Yes,Indian River Shores Department of Public Safety,9.0
Westport CT PD,"Westport CT PD (Condor),Westport CT PD,Westport CT PD (WING)",,No,,5.0
Watervliet NY PD,Watervliet NY PD,South Portland ME PD,No,,9.0
Franklin Township PA PD,Franklin Township PA PD,South Portland ME PD,Yes,Franklin Township Police Department,10.0
Scotia Village NY PD,Scotia Village NY PD,,No,,8.0
Chelmsford MA PD,Chelmsford MA PD,South Portland ME PD,No,,10.0
Port St. Lucie FL PD,Port St. Lucie FL PD,,No,,7.0
Erie County NY SO,Erie County NY SO,,No,,7.0
Washingtonville NY PD,Washingtonville NY PD,,No,,9.0
Greenport Town NY PD,"Greenport Town NY PD,Greenport Town NY PD (Flex)",,No,,10.0
Liberty County FL SO,Liberty County FL SO,,Yes,Liberty County Sheriff's Office,10.0
Hillsborough County FL SO,"Hillsborough County FL SO,Hillsborough County Pierce Garage IB ,Hillsborough County FL SO (Flex)",South Portland ME PD,Yes,Hillsborough County Sheriff's Office,10.0
Fairfield CT PD,"Fairfield CT PD - Axis Wing LPR,Fairfield CT PD",South Portland ME PD,No,,5.0
Avoca PA PD,Avoca PA PD,South Portland ME PD,No,,7.0
Niceville FL PD,Niceville FL PD,South Portland ME PD,Yes,Niceville Police Department,10.0
Crestview FL PD,Crestview FL PD,,No,,7.0
West Palm Beach FL PD,West Palm Beach FL PD,,Yes,West Palm Beach Police Department,10.0
West Hartford CT PD,West Hartford CT PD,South Portland ME PD,No,,5.0
Milford MA PD,Milford MA PD,South Portland ME PD,No,,10.0
Niagara Falls City NY PD,Niagara Falls City NY PD,South Portland ME PD,No,,8.0
Lantana FL PD,"Lantana FL PD,Lantana FL PD Flex",South Portland ME PD,Yes,Lantana Police Department,10.0
Canton MA PD,Canton MA PD,,No,,10.0
Polk County FL SO,"Polk County FL SO,Polk County FL SO - Axon,Polk County FL SO (LR)",,No,,7.0
St. Lucie County FL SO,St. Lucie County FL SO,,Yes,St. Lucie County Sheriff's Office,9.0
Stonington CT PD,Stonington CT PD,,No,,5.0
Saratoga Springs NY PD,Saratoga Springs NY PD,,No,,10.0
Laurel DE PD,Laurel DE PD,,No,,5.0
Hamburg Village NY PD,"Hamburg Village NY PD (Flex),Hamburg Village NY PD",,No,,7.0
Town of Newburgh NY PD,Town of Newburgh NY PD,South Portland ME PD,No,,10.0
Nahant MA PD,Nahant MA PD,,No,,10.0
Lake County FL SO,Lake County FL SO,,Yes,Lake County Sheriff's Office,10.0
Auburn ME PD,"Auburn ME PD (Flex),Auburn ME PD","South Portland ME PD,South Portland ME PD (Flex)",No,,5.0
Charlton MA PD,Charlton MA PD,South Portland ME PD,No,,10.0
Jefferson County FL SO,"Jefferson County FL SO (Flex),Jefferson County FL SO",,Yes,Jefferson County Sheriff's Office,10.0
Mahoning Twp PA PD,Mahoning Twp PA PD,South Portland ME PD,Yes,Mahoning Township Police Department,10.0
Rensselaer NY PD,Rensselaer NY PD,South Portland ME PD,No,,9.0
Millis MA PD,Millis MA PD,South Portland ME PD,No,,10.0
Wilton Manors FL PD,Wilton Manors FL PD (Falcon Flex),South Portland ME PD,No,,8.0
New Castle County DE PD,New Castle County DE PD,South Portland ME PD,No,,5.0
Alachua FL PD,Alachua FL PD (FLEX),,Yes,Alachua Police Department,10.0
Freeport ME PD,Freeport ME PD,"South Portland ME PD,South Portland ME PD (Flex)",No,,5.0
Braintree MA PD,Braintree MA PD,South Portland ME PD,No,,10.0
Putnam CT PD,Putnam CT PD,,No,,5.0
Bridgewater TWP NJ PD,Bridgewater TWP NJ PD,,No,,5.0
Tallahassee FL PD,Tallahassee FL PD,South Portland ME PD,Yes,Tallahassee Police Department,10.0
Florida State University Campus PD FL,Florida State University Campus PD FL,,No,,5.0
Auburn NY PD,Auburn City NY PD,South Portland ME PD,No,,7.0
Quogue Village NY PD,Quogue Village NY PD,South Portland ME PD,No,,8.0
Sarasota FL PD,Sarasota FL PD,South Portland ME PD,Yes,Sarasota Police Department,10.0
Town of East Fishkill NY PD,Town of East Fishkill NY PD,,No,,10.0
Newtown CT PD,Newtown CT PD,South Portland ME PD,No,,5.0
Lake Mary FL PD,Lake Mary FL PD,,Yes,Lake Mary Police Department,10.0
Ridgefield CT PD,Ridgefield CT PD,,No,,5.0
Venice FL PD,Venice FL PD,,Yes,Venice Police Department,10.0
Town of Poughkeepsie NY PD,Town of Poughkeepsie NY PD,South Portland ME PD,No,,10.0
Hempstead Village NY PD,Hempstead Village NY PD,South Portland ME PD,No,,7.0
Columbia County NY SO,Columbia County NY SO,South Portland ME PD,No,,7.0
Berlin CT PD,Berlin CT PD,South Portland ME PD,No,,5.0
Hendry County FL SO,Hendry County FL SO,,Yes,Hendry County Sheriff's Office,10.0
Cicero Town NY PD,Cicero Town NY PD,,No,,8.0
Plant City FL PD,Plant City FL PD,,Yes,Plant City Police Department,10.0
Binghamton City NY PD,Binghamton City NY PD,,No,,9.0
Dutchess County NY SO,Dutchess County NY SO,,No,,8.0
Pinecrest FL PD,Pinecrest FL PD,,No,,7.0
Ocean View DE PD,Ocean View DE PD,,No,,5.0
Warwick RI PD,Warwick RI PD (Flex),South Portland ME PD,No,,5.0
Tiverton RI PD,Tiverton RI PD,South Portland ME PD,No,,5.0
Jackson County FL SO,Jackson County FL SO,,Yes,Jackson County Sheriff's Office,10.0
Treasure Island FL PD,Treasure Island FL PD,,Yes,Treasure Island Police Department,10.0
Kenmore Village NY PD,Kenmore Village NY PD,,No,,7.0
Miramar FL PD,Miramar FL PD,,No,,7.0
Beacon City NY PD,"Beacon City NY PD (Flex),Beacon City NY PD",South Portland ME PD,No,,8.0
Palatka FL PD,Palatka FL PD,,No,,7.0
Fort Pierce FL PD,Fort Pierce FL PD,South Portland ME PD,No,,7.0
Miami Gardens FL PD,Miami Gardens FL PD,,No,,7.0
Genesee County NY SO,Genesee County NY SO,,No,,7.0
Orange County FL SO,Orange County FL SO,,Yes,Orange County Sheriff's Office,10.0
Flagler County FL SO,Flager County SO (FL),,Yes,Flagler County Sheriff's Office,10.0
Vestal Town NY PD,Vestal Town NY PD,,No,,10.0
Bethany Beach DE PD,Bethany Beach DE PD,,No,,5.0
Okeechobee County FL SO,Okeechobee County FL SO,,Yes,Okeechobee County Sheriff's Office,10.0
Niagara County NY SO,Niagara County NY SO,,Yes,Niagara County Sheriff's Office,10.0
Orlando FL PD,"Orlando FL PD (LR),Orlando FL PD ",,Yes,Orlando Police Department,10.0
East Hampton Village NY PD,East Hampton Village NY PD,South Portland ME PD,No,,7.0
High Springs FL PD,"High Springs FL PD Flex,High Springs FL PD - Redspeed,High Springs FL PD",,Yes,High Springs Police Department,10.0
Bradford County FL SO,Bradford County FL SO,,Yes,Bradford County Sheriff's Office,10.0
Baldwinsville Central School District Inc NY,Baldwinsville Central School District Inc NY,South Portland ME PD,No,,10.0
Panama City Beach FL PD,Panama City Beach FL PD,,Yes,Panama City Beach Police Department,10.0
West Greenwich RI PD,West Greenwich RI PD,,No,,5.0
Middleboro MA PD,Middleboro MA PD,South Portland ME PD,No,,10.0
Suffolk County District Attorney's Office NY,Suffolk County District Attorney's Office NY,,No,,10.0
Cocoa Beach FL PD,Cocoa Beach FL PD,,Yes,Cocoa Beach Police Department,10.0
Wellesley MA PD,Wellesley MA PD,South Portland ME PD,No,,10.0
Pocomoke City MD PD,Pocomoke City MD PD,South Portland ME PD,No,,10.0
Town of Lisbon Troopers CT,Town of Lisbon Troopers CT,South Portland ME PD,No,,5.0
Holly Hill FL PD,Holly Hill FL PD,,Yes,Holly Hill Police Department,10.0
Glen Cove NY PD,"Glen Cove NY PD,Glen Cove NY PD (Flex)",South Portland ME PD,No,,8.0
Daytona Beach Shores FL PD,Daytona Beach Shores FL PD,,No,,7.0
South Miami FL PD,South Miami PD (FL),,No,,7.0
Sumter County FL SO,"Sumter County FL SO (Flex),Sumter County FL SO",,Yes,Sumter County Sheriff's Office,10.0
Eastern Adams Regional PA PD,Eastern Adams Regional PA PD,South Portland ME PD,No,,8.0
Falmouth ME PD,Falmouth ME PD,"South Portland ME PD,South Portland ME PD (Flex)",No,,5.0
Davie FL PD,Davie FL PD,,Yes,Davie Police Department,10.0
Suffolk County NY SO,Suffolk County NY SO,South Portland ME PD,No,,7.0
Capitol Heights MD PD,Capitol Heights MD PD,South Portland ME PD,No,,10.0
Lady Lake FL PD,"Lady Lake FL PD,Lady Lake FL PD (Flex)",South Portland ME PD,Yes,Lady Lake Police Department,10.0
St. Augustine FL PD,St. Augustine FL PD,,Yes,St. Augustine Police Department,9.0
Hingham MA PD,Hingham MA PD,,No,,10.0
Live Oak FL PD,Live Oak FL PD,,Yes,Live Oak Police Department,10.0
Gilchrist County FL SO,Gilchrist County FL SO,,Yes,Gilchrist County Sheriff's Office,10.0
Gulf Breeze FL PD,Gulf Breeze FL PD,,Yes,Gulf Breeze Police Department,10.0
Atlantic Beach FL PD,Atlantic Beach FL PD,,Yes,Atlantic Beach Police Department,10.0
FL- Sanford PD,Sanford FL PD,,Yes,Sanford Police Department,10.0
Fort Walton Beach FL PD,"Fort Walton Beach FL PD,Fort Walton Beach FL PD (Flex)",,Yes,Fort Walton Beach Police Department,10.0
Metro Police Authority of Genesee County MI,,South Portland ME PD,No,,10.0
Woodlawn OH PD,,South Portland ME PD,No,,8.0
Russell County AL SO,,South Portland ME PD,No,,8.0
Pea Ridge AR PD,,South Portland ME PD,No,,8.0
Show Low AZ PD,,South Portland ME PD,No,,8.0
La Paz County AZ SO,,South Portland ME PD,No,,7.0
Elizabethtown KY PD,,South Portland ME PD,No,,8.0
Anoka County MN SO,,South Portland ME PD,No,,7.0
Lakewood WA PD,,South Portland ME PD,No,,5.0
Cumming GA PD,,South Portland ME PD,No,,8.0
Chelsea MA PD,,South Portland ME PD,No,,10.0
Poughkeepsie City NY PD,,South Portland ME PD,No,,10.0
Prince George's Community College MD PD,,South Portland ME PD,No,,10.0
NYS Crime Analysis Center Network,,South Portland ME PD,No,,3.0
Escambia County FL SO,,South Portland ME PD,Yes,Escambia County Sheriff's Office,10.0
Scarborough ME PD,,"South Portland ME PD,South Portland ME PD (Flex)",No,,5.0
Summit IL PD,,South Portland ME PD,No,,5.0
Scarsdale Village NY PD,,South Portland ME PD,No,,8.0
Auburn WA PD,,South Portland ME PD,No,,5.0
Holbrook MA PD,,South Portland ME PD,No,,10.0
Sterling Heights MI PD,,South Portland ME PD,No,,10.0
Lake Geneva WI PD,,South Portland ME PD,No,,10.0
Lynn MA PD,,South Portland ME PD,No,,10.0
Waltham MA PD,,South Portland ME PD,No,,10.0
St. Charles City MO PD,,South Portland ME PD,No,,7.0
Idaho State Police ID,,South Portland ME PD,Yes,Idaho State Police Department,9.0
Paris TX PD,,South Portland ME PD,Yes,Paris Police Department,10.0
Whitewater WI PD,,South Portland ME PD,No,,10.0
Woonsocket RI PD,,South Portland ME PD,No,,5.0
South Whitehall PA PD,,South Portland ME PD,No,,9.0
Washington County OH SO,,South Portland ME PD,No,,7.0
Lancaster County SC SO,,South Portland ME PD,No,,7.0
Harrison County IN SO,,South Portland ME PD,No,,7.0
Sun Valley PD ID,,South Portland ME PD,No,,5.0
Pitt County NC SO,,South Portland ME PD,No,,7.0
Glendale OH PD,,South Portland ME PD,No,,7.0
Adairville KY PD,,South Portland ME PD,No,,9.0
Pocono Township (Monroe County) PA PD,,South Portland ME PD,No,,8.0
Windsor- IL- PD,,South Portland ME PD,No,,5.0
Bryan County GA SO,,South Portland ME PD,No,,7.0
Del City OK PD,,South Portland ME PD,No,,7.0
Canton Village NY PD,,South Portland ME PD,No,,7.0
Lee County GA SO,,South Portland ME PD,No,,7.0
Swainsboro GA PD,,South Portland ME PD,No,,7.0
Shelby County KY SO,,South Portland ME PD,No,,7.0
Harris County TX SO,,South Portland ME PD,No,,7.0
Alcoa TN PD,,South Portland ME PD,No,,9.0
Carroll County GA SO,,South Portland ME PD,No,,7.0
OH - Butler County SO,,South Portland ME PD,No,,7.0
Melrose MA PD,,South Portland ME PD,No,,10.0
Huntington County IN SO,,South Portland ME PD,No,,7.0
Woodhaven MI PD,,South Portland ME PD,No,,8.0
Kendall County TX SO,,South Portland ME PD,Yes,Kendall County Sheriff's Office,10.0
Lincoln County SO NE,,South Portland ME PD,No,,5.0
Knox County IL SO,,South Portland ME PD,No,,5.0
Othello WA PD,,South Portland ME PD,No,,5.0
Orting WA PD,,South Portland ME PD,No,,5.0
Metropolitan Washington Airports Authority VA,,South Portland ME PD,No,,10.0
Herrin IL PD,,South Portland ME PD,No,,5.0
Juab County UT SO,,South Portland ME PD,No,,7.0
Cartersville GA PD,,South Portland ME PD,No,,8.0
Clinton CT PD,,South Portland ME PD,No,,5.0
Elkton MD PD,,South Portland ME PD,No,,10.0
Longport NJ PD,,South Portland ME PD,No,,5.0
Morgan County AL SO,,South Portland ME PD,No,,7.0
OH- Springfield Township PD (Hamilton Co),,South Portland ME PD,No,,10.0
Vernon Parish LA SO,,South Portland ME PD,No,,7.0
Wichita Falls TX PD,,South Portland ME PD,No,,8.0
Georgia Dept. of Corrections Intelligence Unit (GA),,South Portland ME PD,No,,8.0
Pembroke Pines FL PD,,South Portland ME PD,Yes,Pembroke Pines Police Department,10.0
Redding CT PD,,South Portland ME PD,No,,5.0
Prince William County VA PD,,South Portland ME PD,No,,10.0
O'Fallon MO PD,,South Portland ME PD,No,,7.0
Bellingham MA PD,,South Portland ME PD,No,,10.0
Lavon TX PD,,South Portland ME PD,No,,7.0
Sullivan County NY SO,,South Portland ME PD,No,,7.0
Sauk Village IL PD,,South Portland ME PD,No,,5.0
Dickson TN PD,,South Portland ME PD,No,,7.0
Struthers OH PD,,South Portland ME PD,No,,7.0
Erwin NC PD,,South Portland ME PD,No,,7.0
North Ridgeville OH PD,,South Portland ME PD,No,,8.0
Adrian MI PD,,South Portland ME PD,No,,8.0
Selma NC PD,,South Portland ME PD,No,,8.0
Greenville County SC SO,,South Portland ME PD,Yes,Greenville County Sheriff's Office,10.0
Rapides Parish LA SO,,South Portland ME PD,No,,7.0
Medway MA PD,,South Portland ME PD,No,,10.0
Jefferson County MO SO,,South Portland ME PD,Yes,Jefferson County Sheriff's Office,10.0
Acworth GA PD,,South Portland ME PD,No,,7.0
Milford CT PD,,South Portland ME PD,No,,5.0
Logan Township PA PD,,South Portland ME PD,No,,7.0
Kill Devil Hills NC PD,,South Portland ME PD,No,,10.0
Hudson NH PD,,South Portland ME PD,No,,8.0
Wilmington MA PD,,South Portland ME PD,No,,10.0
Alvin TX PD,,South Portland ME PD,No,,7.0
Newport RI PD,,South Portland ME PD,No,,5.0
Round Rock TX PD,,South Portland ME PD,No,,7.0
Indiana State Police IN PD,,South Portland ME PD,Yes,Indiana State Police Department,9.0
Agawam MA PD,,South Portland ME PD,No,,10.0
Tooele City PD UT,,South Portland ME PD,No,,5.0
Boynton Beach FL PD,,South Portland ME PD,Yes,Boynton Beach Police Department,10.0
Casa Grande AZ PD,,South Portland ME PD,No,,8.0
Warner Robins GA PD,,South Portland ME PD,No,,8.0
York ME PD,,"South Portland ME PD,South Portland ME PD (Flex)",No,,5.0
Montville CT PD,,South Portland ME PD,No,,5.0
Gratiot County MI SO,,South Portland ME PD,No,,9.0
Wakefield MA PD,,South Portland ME PD,No,,10.0
Stillwater MN PD,,South Portland ME PD,No,,10.0
Wilmette IL PD,,South Portland ME PD,No,,5.0
Plainville MA PD,,South Portland ME PD,No,,10.0
Woodson Terrace MO PD,,South Portland ME PD,Yes,Woodson Terrace Police Department,10.0
Texas Financial Crimes Intelligence Center,,South Portland ME PD,No,,3.0
Scotch Plains NJ PD,,South Portland ME PD,No,,5.0
Crisp County GA SO,,South Portland ME PD,No,,7.0
Wheeler County NE SO,,South Portland ME PD,Yes,Wheeler County Sheriff's Office,10.0
Las Vegas NM PD,,South Portland ME PD,No,,10.0
Bartow County GA SO,,South Portland ME PD,No,,7.0
Washoe County NV SO,,South Portland ME PD,No,,8.0
Hope Mills NC PD,,South Portland ME PD,No,,8.0
Jackson County GA SO,,South Portland ME PD,No,,7.0
Pennsylvania State PD,,South Portland ME PD,No,,5.0
Kansas City MO PD,,South Portland ME PD,No,,8.0
Shreveport LA PD,,South Portland ME PD,No,,8.0
Massachusetts Department of Correction,,South Portland ME PD,No,,3.0
Blakely PA PD,,South Portland ME PD,No,,8.0
Town of Groton CT PD,,South Portland ME PD,No,,5.0
North Attleboro MA PD,,South Portland ME PD,No,,10.0
Perth Amboy NJ PD,,South Portland ME PD,No,,5.0
Northampton County PA DA,,South Portland ME PD,No,,10.0
Westwood MA PD,,South Portland ME PD,No,,10.0
Marple Twp PA PD,,South Portland ME PD,No,,7.0
Peabody MA PD,,South Portland ME PD,No,,10.0
Durango CO PD,,South Portland ME PD,No,,10.0
Cullman County AL SO,,South Portland ME PD,No,,7.0
Griffith IN PD,,South Portland ME PD,No,,8.0
Rockmart GA PD,,South Portland ME PD,No,,9.0
Seal Beach CA PD,,South Portland ME PD,No,,5.0
St Mary Parish LA SO,,South Portland ME PD,No,,7.0
Neshkoro WI PD,,South Portland ME PD,No,,10.0
Bixby OK PD,,South Portland ME PD,Yes,Bixby Police Department,10.0
White House TN PD,,South Portland ME PD,No,,8.0
Carson County TX SO,,South Portland ME PD,Yes,Carson County Sheriff's Office,10.0
Cabot AR PD,,South Portland ME PD,No,,7.0
Fort Collins Police Services (FCPS),,South Portland ME PD,No,,3.0
El Cajon CA PD,,South Portland ME PD,No,,5.0
Marion Health PD (IN),,South Portland ME PD,No,,5.0
Vernon County WI SO,,South Portland ME PD,No,,7.0
Raleigh NC PD,,South Portland ME PD,No,,7.0
Texas Department of Criminal Justice,,South Portland ME PD,No,,3.0
Maryland Heights MO PD,,South Portland ME PD,No,,8.0
Washington County WI SO,,South Portland ME PD,No,,7.0
Germantown TN PD,,South Portland ME PD,No,,8.0
Republic MO PD,,South Portland ME PD,No,,7.0
Kennesaw State University GA PD,,South Portland ME PD,No,,10.0
Maiden NC PD,,South Portland ME PD,No,,7.0
Henry County IL SO,,South Portland ME PD,No,,5.0
Kaysville UT PD,,South Portland ME PD,No,,10.0
Summerset SD PD,,South Portland ME PD,No,,8.0
City of Sierra Vista AZ,,South Portland ME PD,No,,10.0
Seminole County FL SO,,South Portland ME PD,Yes,Seminole County Sheriff's Office,10.0
Glencoe IL PD,,South Portland ME PD,No,,5.0
Chanute KS PD,,South Portland ME PD,No,,7.0
Sheridan AR PD,,South Portland ME PD,No,,7.0
New Hanover County NC SO,,South Portland ME PD,No,,7.0
Lea County NM SO,,South Portland ME PD,No,,7.0
Middle Tennessee State TN PD,,South Portland ME PD,No,,10.0
Calhoun County SC SO,,South Portland ME PD,No,,7.0
Bay St. Louis MS PD,,South Portland ME PD,No,,7.0
Adams County IL SO,,South Portland ME PD,No,,5.0
Prescott AZ PD,,South Portland ME PD,No,,9.0
Pinellas Park FL PD,,South Portland ME PD,Yes,Pinellas Park Police Department,10.0
Covington GA PD,,South Portland ME PD,No,,7.0
Norwood MA PD,,South Portland ME PD,No,,10.0
Rock County WI SO,,South Portland ME PD,No,,7.0
Grandview MO PD,,South Portland ME PD,No,,7.0
Morris IL PD,,South Portland ME PD,No,,5.0
Wichita KS PD,,South Portland ME PD,No,,7.0
Byron GA PD,,South Portland ME PD,No,,7.0
Cherokee County GA DA,,South Portland ME PD,No,,9.0
Lexington KY PD,,South Portland ME PD,No,,7.0
Springfield MO PD,,South Portland ME PD,No,,7.0
Coffeyville KS PD,,South Portland ME PD,Yes,Coffeyville Police Department,10.0
Slinger WI PD,,South Portland ME PD,No,,10.0
Sauk Prairie WI PD,,South Portland ME PD,No,,10.0
Eau Claire County WI SO,,South Portland ME PD,No,,7.0
Cape Girardeau MO PD,,South Portland ME PD,No,,8.0
Pembroke NC PD,,South Portland ME PD,No,,8.0
Rogers AR PD,,South Portland ME PD,No,,7.0
Orange Beach AL PD,,South Portland ME PD,No,,8.0
Whiteville NC PD,,South Portland ME PD,No,,9.0
Person County NC SO,,South Portland ME PD,Yes,Person County Sheriff's Office,10.0
South Carolina Law Enforcement Division - SLED,,South Portland ME PD,No,,3.0
Mahanoy City PD (PA),,South Portland ME PD,No,,5.0
Warren NJ PD,,South Portland ME PD,No,,5.0
Dearborn MI PD,,South Portland ME PD,No,,8.0
Cedar County IA SO,,South Portland ME PD,No,,10.0
Missouri Information Analysis Center,,South Portland ME PD,No,,3.0
Aurora IL PD,,South Portland ME PD,No,,5.0
Wabaunsee County SO (KS),,South Portland ME PD,No,,5.0
Oxford PD - OH,,South Portland ME PD,No,,5.0
Menomonee Falls WI PD,,South Portland ME PD,No,,10.0
Missouri Department of Conservation,,South Portland ME PD,No,,3.0
Springfield MA PD,,South Portland ME PD,No,,10.0
Harrisonville MO PD,,South Portland ME PD,No,,7.0
Sherwood AR PD,,South Portland ME PD,Yes,Sherwood Police Department,10.0
Vestavia Hills AL PD,,South Portland ME PD,No,,8.0
Raytown MO PD,,South Portland ME PD,No,,7.0
Pawnee County KS SO,,South Portland ME PD,No,,7.0
Ankeny IA PD,,South Portland ME PD,No,,10.0
Fairmount IN PD,,South Portland ME PD,No,,7.0
AR - Alma PD,,South Portland ME PD,No,,7.0
Sheboygan WI PD,,South Portland ME PD,No,,10.0
Clayton DE PD,,South Portland ME PD,No,,5.0
Blount County Commission (AL),,South Portland ME PD,No,,10.0
Hartsville SC PD,,South Portland ME PD,No,,7.0
Springfield FL PD,,South Portland ME PD,Yes,Springfield Police Department,10.0
Albion MI DPS,,South Portland ME PD,No,,10.0
Shelby County AL SO,,South Portland ME PD,No,,8.0
Goose Creek SC PD,,South Portland ME PD,No,,8.0
Clovis NM PD,,South Portland ME PD,No,,10.0
Henderson KY PD,,South Portland ME PD,No,,7.0
McDonough County IL SO,,South Portland ME PD,No,,5.0
Friendswood TX PD,,South Portland ME PD,No,,7.0
Brownsburg IN PD,,South Portland ME PD,No,,7.0
New Haven IN PD,,South Portland ME PD,No,,7.0
Burlington NC PD,,South Portland ME PD,No,,8.0
Ohio State Highway Patrol,,South Portland ME PD,No,,3.0
Clover SC PD,,South Portland ME PD,No,,7.0
West Virginia Fusion Center (WV),,South Portland ME PD,No,,10.0
Powell OH PD,,South Portland ME PD,No,,7.0
Tulsa County OK SO,,South Portland ME PD,Yes,Tulsa County Sheriff's Office,10.0
Flora- IL - PD,,South Portland ME PD,No,,5.0
Webster MA PD,,South Portland ME PD,No,,10.0
Crowley TX PD,,South Portland ME PD,No,,7.0
Hinckley IL PD,,South Portland ME PD,No,,5.0
Harlan County NE SO,,South Portland ME PD,No,,7.0
Wright Township PD (Luzerne County) PA PD,,South Portland ME PD,No,,5.0
Ipswich MA PD,,South Portland ME PD,No,,10.0
Hartford CT PD,,South Portland ME PD,No,,5.0
Clarkstown NY PD,,South Portland ME PD,No,,7.0
Middletown NY PD,,South Portland ME PD,No,,9.0
Sharon MA PD,,South Portland ME PD,No,,10.0
Bernards Twp NJ PD,,South Portland ME PD,No,,5.0
Ludlow MA PD,,South Portland ME PD,No,,10.0
Cheshire CT PD,,South Portland ME PD,No,,5.0
New York State Police NY,,South Portland ME PD,No,,10.0
Chincoteague VA PD,,South Portland ME PD,No,,10.0
Mantua Township NJ PD,,South Portland ME PD,No,,5.0
Hillsborough Twp  NJ PD,,South Portland ME PD,No,,5.0
Lancaster NY PD,,South Portland ME PD,No,,9.0
Ayer MA PD,,South Portland ME PD,No,,10.0
Mohawk Village NY PD,,South Portland ME PD,Yes,Mohawk Village Police Department,10.0
Herndon VA PD,,South Portland ME PD,No,,10.0
Metropolis IL PD,,South Portland ME PD,No,,5.0
New Albany OH PD,,South Portland ME PD,No,,7.0
Summit County Sheriff's Office (CO),,South Portland ME PD,No,,7.0
Greene County OH SO,,South Portland ME PD,No,,7.0
Waxhaw NC PD,,South Portland ME PD,No,,9.0
Mississippi Department of Public Safety,,South Portland ME PD,No,,3.0
Branson MO PD,,South Portland ME PD,Yes,Branson Police Department,10.0
Jackson WI PD,,South Portland ME PD,No,,10.0
Columbia County WI SO,,South Portland ME PD,No,,7.0
North Carolina State Bureau of Investigation (NCSBI),,South Portland ME PD,No,,3.0
Muncie IN PD,,South Portland ME PD,No,,7.0
Hampden County MA SO,,South Portland ME PD,No,,10.0
Clinton Township NJ PD,,South Portland ME PD,No,,5.0
Rensselaer County NY SO,,South Portland ME PD,Yes,Rensselaer County Sheriff's Office,10.0
Henry County AL SO,,South Portland ME PD,Yes,Henry County Sheriff's Office,10.0
IA - Storm Lake PD,,South Portland ME PD,No,,10.0
Regional Vehicle Burglary Suppression Taskforce TX,,South Portland ME PD,No,,10.0
Dickenson County VA SO,,South Portland ME PD,No,,7.0
Douglas County NV SO,,South Portland ME PD,Yes,Douglas County Sheriff's Office,10.0
Muhlenberg Township PA PD,,South Portland ME PD,No,,7.0
Lee County IL SO,,South Portland ME PD,No,,5.0
Decatur IN PD,,South Portland ME PD,No,,7.0
Pottawatomie County KS SO,,South Portland ME PD,Yes,Pottawatomie County Sheriff's Office,10.0
Milton GA PD,,South Portland ME PD,No,,7.0
TX - Vidor PD,,South Portland ME PD,No,,7.0
Grand Haven MI DPS,,South Portland ME PD,No,,10.0
VA - George Mason University Campus PD,,South Portland ME PD,No,,10.0
Mansfield TX PD,,South Portland ME PD,No,,7.0
Westport MA PD,,South Portland ME PD,No,,10.0
Lowell MA PD,,South Portland ME PD,No,,10.0
Somerset County NJ Prosecutors Office,,South Portland ME PD,No,,5.0
Blair County PA SO,,South Portland ME PD,No,,7.0
Metuchen NJ PD,,South Portland ME PD,No,,5.0
Salisbury MD PD,,South Portland ME PD,No,,10.0
Aston PA PD,,South Portland ME PD,No,,7.0
Wilton CT PD,,South Portland ME PD,No,,5.0
Cumberland County PA DA,,South Portland ME PD,No,,10.0
Nassau County NY PD,,South Portland ME PD,Yes,Nassau County Police Department,10.0
Loris SC PD,,South Portland ME PD,No,,7.0
St. John Parish LA SO,,South Portland ME PD,No,,7.0
Floyd County GA PD,,South Portland ME PD,Yes,Floyd County Sheriff's Office,9.0
Riverside County CA District Attorney,,South Portland ME PD,No,,5.0
Rowan University NJ PD,,South Portland ME PD,No,,5.0
Manchester NH PD,,South Portland ME PD,No,,8.0
Springfield College Campus PD MA,,South Portland ME PD,No,,5.0
Hilltown Township PA PD,,South Portland ME PD,No,,7.0
Rochester MA PD,,South Portland ME PD,No,,10.0
East Windsor CT PD,,South Portland ME PD,No,,5.0
Burrillville RI PD,,South Portland ME PD,No,,5.0
Whitehall Township PA PD,,South Portland ME PD,No,,7.0
Pelham NH PD,,South Portland ME PD,No,,7.0
Penn State University Police and Public Safety PA,,South Portland ME PD,No,,10.0
Dover DE PD,,South Portland ME PD,No,,5.0
Franklin IN PD,,South Portland ME PD,No,,7.0
Warrick County IN SO,,South Portland ME PD,No,,8.0
Hancock County IN SO,,South Portland ME PD,No,,7.0
Franklin NJ PD (Somerset),,South Portland ME PD,No,,5.0
Bradford County Detectives PA,,South Portland ME PD,No,,10.0
Hancock MD PD,,South Portland ME PD,No,,10.0
Central Falls RI PD,,South Portland ME PD,No,,5.0
Warwick Town NY PD,,South Portland ME PD,No,,10.0
Brunswick County NC SO,,South Portland ME PD,Yes,Brunswick County Sheriff's Office,10.0
Dublin OH PD,,South Portland ME PD,No,,7.0
Tampa FL PD,,South Portland ME PD,Yes,Tampa Police Department,10.0
Helena AL PD,,South Portland ME PD,No,,7.0
Cobb County GA PD,,South Portland ME PD,No,,8.0
Holland TX PD,,South Portland ME PD,No,,7.0
Richmond VA PD,,South Portland ME PD,No,,10.0
Putnam County GA SO,,South Portland ME PD,No,,7.0
Garner NC PD,,South Portland ME PD,No,,7.0
Pembroke MA PD,,South Portland ME PD,No,,10.0
Avon CT PD,,South Portland ME PD,No,,5.0
West Deptford NJ PD,,South Portland ME PD,No,,5.0
Little Rock AR PD,,South Portland ME PD,No,,8.0
Taylor MI PD,,South Portland ME PD,Yes,Taylor Police Department,10.0
Seguin TX PD,,South Portland ME PD,No,,7.0
Ouachita Parish LA SO,,South Portland ME PD,Yes,Ouachita Parish Sheriff's Office,10.0
Lawrence District Attorney PA,,South Portland ME PD,No,,10.0
Cuyahoga Falls OH PD,,South Portland ME PD,No,,9.0
Lufkin TX PD,,South Portland ME PD,No,,7.0
Cheyenne WY PD,,South Portland ME PD,No,,10.0
Vero Beach FL PD,,South Portland ME PD,Yes,Vero Beach Police Department,10.0
Pratt County KS SO,,South Portland ME PD,No,,7.0
Marion IN PD,,South Portland ME PD,No,,7.0
Benton County WA SO,,South Portland ME PD,No,,5.0
Goodyear AZ PD,,South Portland ME PD,No,,7.0
Mohave County AZ SO,,South Portland ME PD,No,,7.0
Pottawattamie County IA SO,,South Portland ME PD,No,,10.0
Westworth Village TX PD,,South Portland ME PD,No,,8.0
Marshall TX PD,,South Portland ME PD,No,,7.0
Arnold MO PD,,South Portland ME PD,No,,7.0
Schuyler Co. IL SO,,South Portland ME PD,No,,5.0
Mill Creek WA PD,,South Portland ME PD,No,,5.0
St. Martin Parish LA SO,,South Portland ME PD,No,,7.0
Tell City IN PD,,South Portland ME PD,No,,7.0
Crowell TX PD,,South Portland ME PD,No,,7.0
Ocean Springs MS PD,,South Portland ME PD,No,,8.0
Purcell OK PD,,South Portland ME PD,No,,7.0
Sarpy County NE SO,,South Portland ME PD,No,,8.0
Whitley County IN Prosector,,South Portland ME PD,No,,10.0
Buncombe County NC SO,,South Portland ME PD,No,,7.0
Arlington PD (WA),,South Portland ME PD,No,,5.0
Columbus County NC SO,,South Portland ME PD,Yes,Columbus County Sheriff's Office,10.0
Junction City KS PD,,South Portland ME PD,No,,9.0
Bulloch County GA SO,,South Portland ME PD,No,,7.0
Connecticut State Police,,South Portland ME PD,No,,3.0
Fairfax County VA PD,,South Portland ME PD,No,,10.0
Everett MA PD,,South Portland ME PD,No,,10.0
Hackensack NJ PD,,South Portland ME PD,No,,5.0
Lawrence MA PD,,South Portland ME PD,No,,10.0
Ledyard CT PD,,South Portland ME PD,No,,5.0
Prospect CT PD,,South Portland ME PD,No,,5.0
Irondequoit PD NY,,South Portland ME PD,No,,5.0
Salina KS PD,,South Portland ME PD,No,,7.0
Austin County TX SO,,South Portland ME PD,Yes,Austin County Sheriff's Office,10.0
Whitestown IN PD,,South Portland ME PD,No,,7.0
Raeford NC PD,,South Portland ME PD,No,,7.0
Santa Ana CA PD,,South Portland ME PD,No,,5.0
University of West Georgia GA PD,,South Portland ME PD,No,,9.0
Bardstown PD KY,,South Portland ME PD,No,,5.0
Fletcher NC PD,,South Portland ME PD,No,,8.0
South Dakota Division of Criminal Investigation SD,,South Portland ME PD,Yes,South Dakota Division of Criminal Investigation,10.0
Lowndes County GA SO,,South Portland ME PD,No,,7.0
Butler Township OH PD,,South Portland ME PD,No,,9.0
Montgomery County TX SO,,South Portland ME PD,Yes,Montgomery County Sheriff’s Office,9.0
Harford County MD SO,,South Portland ME PD,No,,7.0
Methuen MA PD,,South Portland ME PD,No,,10.0
Covington LA PD,,South Portland ME PD,No,,8.0
Vermillion County IN SO,,South Portland ME PD,No,,9.0
Kingston TN PD,,South Portland ME PD,No,,8.0
Albany County NY SO,,South Portland ME PD,No,,7.0
Niagara Frontier Transit Authority (NFTA) PD,,South Portland ME PD,No,,5.0
Kingston Township PA PD (Luzerne County),,South Portland ME PD,No,,8.0
North Brunswick NJ PD,,South Portland ME PD,No,,5.0
Amherst Town NY PD,,South Portland ME PD,No,,8.0
Monroe MI PD,,South Portland ME PD,No,,7.0
Smithfield RI PD,,South Portland ME PD,No,,5.0
Hillsborough County NH SO,,South Portland ME PD,No,,8.0
Cape Elizabeth ME PD,,"South Portland ME PD,South Portland ME PD (Flex)",No,,5.0
Massachusetts State MA PD,,South Portland ME PD,No,,10.0
Lackawanna County PA SO,,South Portland ME PD,No,,7.0
Portsmouth NH PD,,"South Portland ME PD,South Portland ME PD (Flex)",No,,7.0
Cranbury NJ PD,,South Portland ME PD,No,,5.0
Lakeville MA PD,,South Portland ME PD,No,,10.0
Bordentown TWP NJ PD,,South Portland ME PD,No,,5.0
Montgomery MA PD,,South Portland ME PD,No,,10.0
East Hempfield Twp PA PD,,South Portland ME PD,No,,7.0
Cheltenham Twp PA PD,,South Portland ME PD,No,,7.0
Woodbury NJ PD,,South Portland ME PD,No,,5.0
Montgomery Township PA PD,,South Portland ME PD,No,,7.0
Middletown DE PD,,South Portland ME PD,No,,5.0
Wixom MI PD,,South Portland ME PD,No,,7.0
Gastonia NC PD,,South Portland ME PD,No,,8.0
Bedford VA PD,,South Portland ME PD,No,,10.0
McKinney TX PD,,South Portland ME PD,No,,7.0
Apex NC PD,,South Portland ME PD,No,,7.0
Mountain City TN PD,,South Portland ME PD,No,,8.0
Glastonbury CT PD,,South Portland ME PD,No,,5.0
Loudoun County VA SO,,South Portland ME PD,Yes,Loudoun County Sheriff's Office,10.0
Tompkins County NY Sheriff's Office,,South Portland ME PD,No,,7.0
New Hampshire State Police,,South Portland ME PD,No,,3.0
Nashua NH PD,,South Portland ME PD,No,,7.0
NESPIN - New England State Police Information Network,,South Portland ME PD,No,,3.0
Jackson County MS SO,,South Portland ME PD,No,,7.0
Holyoke MA PD,,South Portland ME PD,No,,10.0
Marlborough MA PD,,South Portland ME PD,No,,10.0
Middletown Township PA PD,,South Portland ME PD,No,,7.0
Washington County MD SO,,South Portland ME PD,No,,9.0
Clark NJ PD,,South Portland ME PD,No,,5.0
Lonoke County AR SO,,South Portland ME PD,Yes,Lonoke County Sheriff's Office,10.0
Wayne County TN SO,,South Portland ME PD,No,,7.0
Kansas Highway Patrol,,South Portland ME PD,No,,3.0
Hamilton County OH SO,,South Portland ME PD,No,,7.0
Woodstock VA PD,,South Portland ME PD,No,,10.0
Montgomery County TN SO,,South Portland ME PD,No,,7.0
Greene County IN SO,,South Portland ME PD,No,,7.0
Kenosha WI PD,,South Portland ME PD,No,,10.0
Richmond Heights MO PD,,South Portland ME PD,No,,9.0
Macon County NC SO,,South Portland ME PD,No,,7.0
Grand Chute WI PD,,South Portland ME PD,No,,10.0
Vandalia OH PD,,South Portland ME PD,No,,7.0
Spotsylvania County VA SO,,South Portland ME PD,No,,7.0
New Castle PA PD,,South Portland ME PD,No,,9.0
Luzerne County PA DA's Office,,South Portland ME PD,No,,9.0
Monroe CT PD,,South Portland ME PD,No,,5.0
Ottawa County MI SO,,South Portland ME PD,No,,8.0
Stevens Point WI PD,,South Portland ME PD,No,,10.0
Newton County MS SO,,South Portland ME PD,Yes,Newton County Sheriff's Department,9.0
Seymour IN PD,,South Portland ME PD,No,,7.0
Urbana OH PD,,South Portland ME PD,No,,7.0
Norwell MA PD,,South Portland ME PD,No,,10.0
Sioux City IA PD,,South Portland ME PD,No,,10.0
Louisville Metro KY PD,,South Portland ME PD,No,,8.0
Dodge County GA SO,,South Portland ME PD,No,,7.0
Village of Clearview WV PD,,South Portland ME PD,Yes,Village of Clearview Police Department,9.0
Lebanon TN PD,,South Portland ME PD,No,,7.0
Oxford MS PD,,South Portland ME PD,No,,7.0
Thornton CO PD,,South Portland ME PD,No,,10.0
Murfreesboro TN PD,,South Portland ME PD,No,,8.0
Winterville NC PD,,South Portland ME PD,No,,9.0
Richland County SC SO,,South Portland ME PD,No,,7.0
Mauldin SC PD,,South Portland ME PD,No,,7.0
Susquehanna Township PA PD,,South Portland ME PD,No,,7.0
West Springfield MA PD,,South Portland ME PD,No,,10.0
Roanoke VA PD,,South Portland ME PD,No,,10.0
Harvey County KS SO,,South Portland ME PD,No,,7.0
Forrest County MS SO,,South Portland ME PD,No,,7.0
Norwood OH PD,,South Portland ME PD,No,,8.0
Macon County MO SO,,South Portland ME PD,No,,7.0
Cranston RI PD,,South Portland ME PD,No,,5.0
Cedartown GA PD,,South Portland ME PD,No,,7.0
New Britain Township PA PD,,South Portland ME PD,No,,7.0
Essex County MA SO,,South Portland ME PD,No,,10.0
Warminster Township PA PD,,South Portland ME PD,No,,7.0
MAGLOCLEN RISS,,South Portland ME PD,No,,3.0
Cumru PA PD,,South Portland ME PD,No,,8.0
Seward County NE SO,,South Portland ME PD,No,,8.0
Ohio County SO WV,,South Portland ME PD,No,,5.0
Mequon WI PD,,South Portland ME PD,No,,10.0
Waterville OH PD,,South Portland ME PD,No,,7.0
University of South Florida FL PD,,South Portland ME PD,Yes,University of South Florida Police Department,9.0
NE - Colfax Co SO,,South Portland ME PD,No,,8.0
Oxford AL PD,,South Portland ME PD,No,,7.0
Morrow GA PD,,South Portland ME PD,No,,7.0
Glasgow KY PD,,South Portland ME PD,Yes,Glasgow Police Department,10.0
Harper County KS SO,,South Portland ME PD,No,,7.0
Pinellas County FL SO,,South Portland ME PD,Yes,Pinellas County Sheriff's Office,10.0
CO - Rangely PD,,South Portland ME PD,No,,10.0
Iredell County NC SO,,South Portland ME PD,No,,7.0
Nebraska State Patrol,,South Portland ME PD,No,,3.0
Stow MA PD,,South Portland ME PD,No,,10.0
Utah County UT SO - Vineyard PD,,South Portland ME PD,No,,10.0
Pine Hill AL PD,,South Portland ME PD,No,,7.0
Houston Arson Bureau TX,,South Portland ME PD,No,,10.0
Sachse TX PD,,South Portland ME PD,No,,7.0
Lexington NE PD,,South Portland ME PD,No,,10.0
Ingalls IN PD,,South Portland ME PD,No,,7.0
Union County GA SO,,South Portland ME PD,No,,7.0
Fairfax OH PD,,South Portland ME PD,No,,7.0
Georgetown SC PD,,South Portland ME PD,No,,7.0
Blackshear GA PD,,South Portland ME PD,No,,7.0
OK - Washita County SO,,South Portland ME PD,Yes,Washita County Sheriff's Office,9.0
Fort Wayne IN PD,,South Portland ME PD,No,,7.0
Ada County ID SO,,South Portland ME PD,No,,7.0
Chaffee County CO SO,,South Portland ME PD,No,,8.0
Granbury TX PD,,South Portland ME PD,No,,7.0
Morehead KY PD,,South Portland ME PD,No,,7.0
Cole County MO SO,,South Portland ME PD,No,,7.0
Kingston MA PD,,South Portland ME PD,No,,10.0
New Windsor Town NY PD,,South Portland ME PD,No,,10.0
Upper Allen Township PA PD,,South Portland ME PD,No,,7.0
Vienna VA PD,,South Portland ME PD,No,,10.0
Kennesaw GA PD,,South Portland ME PD,No,,7.0
Randolph MA PD,,South Portland ME PD,No,,10.0
Silver Spring Township PA PD,,South Portland ME PD,No,,7.0
Tipp City OH PD,,South Portland ME PD,No,,8.0
Tewksbury MA PD,,South Portland ME PD,No,,10.0
Sugar Notch Borough PA PD,,South Portland ME PD,No,,7.0
Athens Township PA PD,,South Portland ME PD,No,,7.0
Framingham MA PD,,South Portland ME PD,No,,10.0
Wells ME PD,,South Portland ME PD (Flex),No,,5.0
